id,target
77551,0.0
103035,0.0
55596,0.0
29083,0.0
88033,0.0
34324,0.0
16610,0.0
39963,0.0
56638,0.0
85875,0.0
118388,0.0
71923,0.0
213759,0.0
91846,0.0
18455,0.0
65760,0.0
249601,0.0
102090,0.0
78163,0.0
127940,0.0
235230,0.0
196240,0.0
45640,0.0
86835,0.0
207625,0.0
89341,0.0
35138,0.0
22187,0.0
251386,0.0
26129,0.0
229656,0.0
26847,0.0
41137,0.0
88067,0.0
174661,0.0
37465,0.0
213472,0.0
30002,0.0
148777,0.0
161366,0.0
111253,0.0
166316,0.0
190374,0.0
218304,0.0
221014,0.0
65561,0.0
47436,0.0
162519,0.0
31049,0.0
105810,0.0
212215,0.0
216891,0.0
87153,0.0
136896,0.0
6659,0.0
4380,0.0
101191,0.0
86629,0.0
94147,0.0
37416,0.0
145541,0.0
236048,0.0
37538,0.0
42487,0.0
37612,0.0
32425,0.0
182821,0.0
35461,0.0
243629,0.0
198197,0.0
102839,0.0
56522,0.0
36357,0.0
206286,0.0
47422,0.0
145822,0.0
10537,0.0
68707,0.0
92515,0.0
21240,0.0
72956,0.0
71857,0.0
110810,0.0
228492,0.0
8815,0.0
132928,0.0
173617,0.0
56923,0.0
75991,0.0
32483,0.0
222925,0.0
82642,0.0
20106,0.0
115620,0.0
234579,0.0
206330,0.0
216460,0.0
92473,0.0
58674,0.0
234001,0.0
34015,0.0
94684,0.0
30664,0.0
37647,0.0
20256,0.0
51535,0.0
271926,0.0
43094,0.0
207359,0.0
56239,0.0
9520,0.0
4666,0.0
76283,0.0
220642,0.0
6912,0.0
203261,0.0
222383,0.0
62572,0.0
238888,0.0
241956,0.0
229488,0.0
235171,0.0
68429,0.0
42635,0.0
209552,0.0
218066,0.0
174413,0.0
80199,0.0
154713,0.0
69795,0.0
104285,0.0
8855,0.0
114645,0.0
30284,0.0
66112,0.0
57256,0.0
106050,0.0
217211,0.0
97646,0.0
70546,0.0
221087,0.0
222397,0.0
50651,0.0
92575,0.0
282776,0.0
227656,0.0
126619,0.0
179573,0.0
213404,0.0
88861,0.0
154670,0.0
102634,0.0
250602,0.0
1860,0.0
29189,0.0
56688,0.0
105745,0.0
145858,0.0
155059,0.0
23501,0.0
103617,0.0
64150,0.0
128132,0.0
120065,0.0
33466,0.0
86103,0.0
7727,0.0
65718,0.0
15028,0.0
38204,0.0
244156,0.0
65709,0.0
173154,0.0
33699,0.0
43814,0.0
120450,0.0
77037,0.0
276704,0.0
210642,0.0
110163,0.0
128076,0.0
21064,0.0
46204,0.0
92433,0.0
211353,0.0
50198,0.0
141873,0.0
76494,0.0
24187,0.0
211910,0.0
234883,0.0
154431,0.0
99898,0.0
55454,0.0
222626,0.0
9342,0.0
47093,0.0
304,0.0
62081,0.0
65789,0.0
29900,0.0
69931,0.0
242098,0.0
181433,0.0
236561,0.0
95127,0.0
109896,0.0
114544,0.0
221695,0.0
239068,0.0
28713,0.0
3951,0.0
22100,0.0
119884,0.0
269577,0.0
101931,0.0
227556,0.0
67462,0.0
34660,0.0
78083,0.0
198093,0.0
22568,0.0
211261,0.0
21418,0.0
234133,0.0
269396,0.0
57636,0.0
224037,0.0
215015,0.0
218314,0.0
188535,0.0
63106,0.0
72943,0.0
24570,0.0
260282,0.0
223632,0.0
125791,0.0
41737,0.0
6212,0.0
101082,0.0
236460,0.0
251723,0.0
155591,0.0
9100,0.0
87141,0.0
184130,0.0
110307,0.0
104205,0.0
236335,0.0
101109,0.0
259657,0.0
38120,0.0
217936,0.0
173568,0.0
62925,0.0
234468,0.0
8507,0.0
136848,0.0
52059,0.0
50745,0.0
71221,0.0
223638,0.0
5658,0.0
85101,0.0
7471,0.0
62159,0.0
226539,0.0
145232,0.0
7137,0.0
229328,0.0
32106,0.0
223578,0.0
20770,0.0
220489,0.0
23240,0.0
15166,0.0
217346,0.0
205545,0.0
173872,0.0
181192,0.0
222247,0.0
76088,0.0
204942,0.0
211972,0.0
227848,0.0
82059,0.0
216849,0.0
13516,0.0
52303,0.0
166081,0.0
221906,0.0
16103,0.0
277166,0.0
6797,0.0
259615,0.0
190472,0.0
102456,0.0
42899,0.0
211726,0.0
211793,0.0
62715,0.0
157561,0.0
94236,0.0
154663,0.0
51817,0.0
60994,0.0
94025,0.0
217949,0.0
69599,0.0
24546,0.0
7141,0.0
275444,0.0
251185,0.0
128095,0.0
71046,0.0
16874,0.0
241890,0.0
91753,0.0
250588,0.0
47090,0.0
41900,0.0
52144,0.0
209516,0.0
8946,0.0
42663,0.0
107058,0.0
205242,0.0
136200,0.0
54217,0.0
92809,0.0
155280,0.0
27662,0.0
1572,0.0
47522,0.0
166018,0.0
117205,0.0
220755,0.0
40505,0.0
137176,0.0
54779,0.0
24018,0.0
46060,0.0
244060,0.0
77679,0.0
93166,0.0
35045,0.0
222551,0.0
46429,0.0
62595,0.0
87447,0.0
207636,0.0
145294,0.0
1869,0.0
88217,0.0
121887,0.0
181518,0.0
77571,0.0
210962,0.0
55945,0.0
180818,0.0
173912,0.0
237049,0.0
207781,0.0
49568,0.0
3123,0.0
94173,0.0
243477,0.0
217078,0.0
66427,0.0
37505,0.0
243179,0.0
40476,0.0
87979,0.0
93947,0.0
157292,0.0
57896,0.0
60072,0.0
61973,0.0
110082,0.0
223737,0.0
20783,0.0
128204,0.0
57111,0.0
214249,0.0
6306,0.0
78853,0.0
24747,0.0
87454,0.0
2997,0.0
228740,0.0
51813,0.0
207626,0.0
243325,0.0
218080,0.0
473,0.0
69667,0.0
274615,0.0
60906,0.0
93058,0.0
65483,0.0
25992,0.0
216390,0.0
24724,0.0
64858,0.0
249896,0.0
229548,0.0
62574,0.0
205620,0.0
154191,0.0
204737,0.0
126962,0.0
120176,0.0
21809,0.0
181482,0.0
78888,0.0
178920,0.0
217924,0.0
43134,0.0
127959,0.0
170960,0.0
29082,0.0
97450,0.0
123148,0.0
55340,0.0
242530,0.0
4813,0.0
154222,0.0
15832,0.0
45488,0.0
216801,0.0
5990,0.0
250354,0.0
242940,0.0
87024,0.0
35349,0.0
94253,0.0
42201,0.0
70096,0.0
248985,0.0
89465,0.0
8547,0.0
87244,0.0
60798,0.0
92422,0.0
17386,0.0
227864,0.0
33578,0.0
234598,0.0
146735,0.0
17009,0.0
119000,0.0
41100,0.0
119948,0.0
227683,0.0
101579,0.0
227607,0.0
211993,0.0
86246,0.0
102838,0.0
128267,0.0
205951,0.0
189495,0.0
136112,0.0
10625,0.0
55527,0.0
204945,0.0
63545,0.0
236899,0.0
168191,0.0
35250,0.0
61344,0.0
117435,0.0
259249,0.0
164582,0.0
86860,0.0
235837,0.0
87252,0.0
6716,0.0
22877,0.0
127912,0.0
131711,0.0
266218,0.0
35197,0.0
233465,0.0
102124,0.0
10961,0.0
18581,0.0
52431,0.0
64988,0.0
26569,0.0
209589,0.0
63681,0.0
191995,0.0
229667,0.0
1398,0.0
17988,0.0
20415,0.0
27163,0.0
36407,0.0
24304,0.0
48574,0.0
251193,0.0
74438,0.0
40032,0.0
97368,0.0
232908,0.0
119266,0.0
276593,0.0
14965,0.0
86229,0.0
54602,0.0
78384,0.0
103735,0.0
65840,0.0
29465,0.0
30522,0.0
30230,0.0
77771,0.0
165822,0.0
221394,0.0
134589,0.0
80445,0.0
228439,0.0
55891,0.0
209577,0.0
269450,0.0
243479,0.0
64035,0.0
228215,0.0
23709,0.0
166322,0.0
198516,0.0
109577,0.0
56782,0.0
11559,0.0
227197,0.0
87676,0.0
207646,0.0
71958,0.0
234249,0.0
79375,0.0
77324,0.0
80772,0.0
15053,0.0
66236,0.0
204887,0.0
217629,0.0
23710,0.0
22825,0.0
60910,0.0
45323,0.0
228247,0.0
20034,0.0
21915,0.0
40688,0.0
18303,0.0
132307,0.0
110497,0.0
42795,0.0
66204,0.0
72719,0.0
50735,0.0
221446,0.0
52291,0.0
114549,0.0
85270,0.0
207230,0.0
92474,0.0
102844,0.0
234025,0.0
2002,0.0
238120,0.0
82167,0.0
100802,0.0
155088,0.0
33678,0.0
155122,0.0
215674,0.0
76663,0.0
15977,0.0
43181,0.0
78594,0.0
42807,0.0
223891,0.0
137540,0.0
39472,0.0
228879,0.0
70788,0.0
154447,0.0
220291,0.0
221617,0.0
65675,0.0
102716,0.0
207600,0.0
65426,0.0
2040,0.0
35808,0.0
217062,0.0
214540,0.0
228145,0.0
36173,0.0
191946,0.0
138272,0.0
46439,0.0
241996,0.0
180472,0.0
10653,0.0
101565,0.0
221540,0.0
62243,0.0
211078,0.0
105180,0.0
230019,0.0
251439,0.0
86979,0.0
61906,0.0
92266,0.0
92563,0.0
27247,0.0
13905,0.0
118738,0.0
221833,0.0
9175,0.0
103189,0.0
210182,0.0
35456,0.0
277103,0.0
145685,0.0
105783,0.0
55477,0.0
276824,0.0
119563,0.0
87481,0.0
13889,0.0
222746,0.0
29628,0.0
41774,0.0
36371,0.0
166047,0.0
79053,0.0
10999,0.0
233718,0.0
221962,0.0
51981,0.0
148990,0.0
236644,0.0
2675,0.0
96985,0.0
109836,0.0
87066,0.0
56120,0.0
44824,0.0
109598,0.0
243468,0.0
2182,0.0
56836,0.0
47335,0.0
64674,0.0
102846,0.0
42562,0.0
217891,0.0
78923,0.0
170796,0.0
30563,0.0
211786,0.0
42055,0.0
73772,0.0
260306,0.0
77792,0.0
205601,0.0
77187,0.0
47357,0.0
14533,0.0
212323,0.0
140186,0.0
47580,0.0
33577,0.0
33032,0.0
220180,0.0
60439,0.0
52052,0.0
221310,0.0
97617,0.0
227835,0.0
118111,0.0
6662,0.0
79313,0.0
4548,0.0
71595,0.0
269297,0.0
23201,0.0
88216,0.0
5906,0.0
51375,0.0
223988,0.0
217783,0.0
276831,0.0
1771,0.0
37326,0.0
85957,0.0
215364,0.0
211596,0.0
45982,0.0
12536,0.0
35614,0.0
127096,0.0
115343,0.0
234858,0.0
70755,0.0
56750,0.0
159124,0.0
46547,0.0
20284,0.0
30258,0.0
210136,0.0
20921,0.0
104043,0.0
276865,0.0
154704,0.0
221401,0.0
216230,0.0
76191,0.0
103754,0.0
119169,0.0
57571,0.0
214868,0.0
66879,0.0
5028,0.0
111154,0.0
36004,0.0
179137,0.0
62419,0.0
242939,0.0
81148,0.0
165207,0.0
204561,0.0
111123,0.0
223241,0.0
114259,0.0
55365,0.0
65022,0.0
5255,0.0
250013,0.0
137171,0.0
26672,0.0
51200,0.0
222269,0.0
180749,0.0
190154,0.0
33492,0.0
62775,0.0
205915,0.0
29186,0.0
260161,0.0
15847,0.0
174184,0.0
227377,0.0
207150,0.0
92397,0.0
102184,0.0
30001,0.0
33272,0.0
208232,0.0
66441,0.0
27176,0.0
57099,0.0
79243,0.0
200089,0.0
19031,0.0
26434,0.0
179364,0.0
55418,0.0
4834,0.0
137184,0.0
127778,0.0
40943,0.0
104089,0.0
127422,0.0
79338,0.0
187990,0.0
101598,0.0
239557,0.0
242536,0.0
77526,0.0
216145,0.0
64522,0.0
119572,0.0
45612,0.0
33701,0.0
93888,0.0
236262,0.0
76028,0.0
19718,0.0
87201,0.0
62802,0.0
17977,0.0
97369,0.0
51481,0.0
144562,0.0
221842,0.0
135473,0.0
88480,0.0
116625,0.0
227571,0.0
103205,0.0
118328,0.0
26983,0.0
260403,0.0
27240,0.0
33941,0.0
49858,0.0
243514,0.0
5335,0.0
77136,0.0
215857,0.0
76272,0.0
64023,0.0
165829,0.0
106088,0.0
55363,0.0
207376,0.0
206696,0.0
51753,0.0
214863,0.0
104028,0.0
229648,0.0
31459,0.0
268731,0.0
60537,0.0
248846,0.0
50447,0.0
20017,0.0
118335,0.0
20251,0.0
85750,0.0
136389,0.0
60132,0.0
243953,0.0
260350,0.0
215621,0.0
11335,0.0
259628,0.0
19794,0.0
95966,0.0
216743,0.0
110459,0.0
242349,0.0
101145,0.0
54131,0.0
21376,0.0
92821,0.0
81027,0.0
47732,0.0
72097,0.0
8220,0.0
233095,0.0
34892,0.0
170846,0.0
28314,0.0
128024,0.0
216092,0.0
215133,0.0
191807,0.0
85312,0.0
146694,0.0
42378,0.0
63540,0.0
46762,0.0
72159,0.0
41166,0.0
243827,0.0
8754,0.0
145509,0.0
97174,0.0
86505,0.0
173654,0.0
8576,0.0
72718,0.0
123064,0.0
17971,0.0
78932,0.0
100873,0.0
79169,0.0
47180,0.0
128142,0.0
19937,0.0
60223,0.0
81002,0.0
23967,0.0
229215,0.0
79090,0.0
242810,0.0
5627,0.0
251141,0.0
105967,0.0
66360,0.0
22432,0.0
23540,0.0
234192,0.0
20035,0.0
209838,0.0
258981,0.0
118390,0.0
54724,0.0
88254,0.0
230133,0.0
103113,0.0
231272,0.0
40368,0.0
228513,0.0
9463,0.0
54193,0.0
109258,0.0
283342,0.0
127402,0.0
60101,0.0
206399,0.0
197813,0.0
50586,0.0
18088,0.0
36116,0.0
227536,0.0
119354,0.0
276673,0.0
15978,0.0
145464,0.0
69646,0.0
80595,0.0
248386,0.0
250981,0.0
185543,0.0
61815,0.0
33922,0.0
169554,0.0
105915,0.0
81788,0.0
7690,0.0
88014,0.0
70981,0.0
212206,0.0
41552,0.0
93221,0.0
41465,0.0
228933,0.0
27787,0.0
26786,0.0
105069,0.0
164682,0.0
95000,0.0
77586,0.0
94727,0.0
217344,0.0
207859,0.0
23910,0.0
119232,0.0
109766,0.0
36139,0.0
223604,0.0
11033,0.0
47574,0.0
49673,0.0
242873,0.0
64655,0.0
42289,0.0
207794,0.0
70777,0.0
154502,0.0
32931,0.0
9376,0.0
282142,0.0
19194,0.0
69160,0.0
222215,0.0
211758,0.0
54802,0.0
223633,0.0
86206,0.0
174636,0.0
9163,0.0
43136,0.0
64189,0.0
248607,0.0
127299,0.0
37286,0.0
612,0.0
110355,0.0
205710,0.0
59443,0.0
155319,0.0
188740,0.0
110604,0.0
49634,0.0
222157,0.0
216978,0.0
78503,0.0
136664,0.0
14662,0.0
234783,0.0
136022,0.0
204956,0.0
138771,0.0
72418,0.0
233790,0.0
63431,0.0
223071,0.0
106545,0.0
65474,0.0
8667,0.0
101061,0.0
137138,0.0
80461,0.0
128073,0.0
119036,0.0
65194,0.0
10084,0.0
51941,0.0
127428,0.0
56253,0.0
234913,0.0
80979,0.0
97640,0.0
253295,0.0
97650,0.0
215975,0.0
92623,0.0
11298,0.0
125397,0.0
60885,0.0
266763,0.0
81033,0.0
20129,0.0
94268,0.0
220280,0.0
134200,0.0
18400,0.0
56502,0.0
37576,0.0
174770,0.0
63751,0.0
119402,0.0
18118,0.0
59401,0.0
22684,0.0
2890,0.0
92000,0.0
24289,0.0
1510,0.0
236075,0.0
85890,0.0
254950,0.0
222111,0.0
33255,0.0
97152,0.0
204314,0.0
228842,0.0
105828,0.0
61142,0.0
24173,0.0
29660,0.0
51398,0.0
154600,0.0
198858,0.0
155326,0.0
51277,0.0
49821,0.0
233490,0.0
72429,0.0
57195,0.0
211850,0.0
81061,0.0
70673,0.0
62709,0.0
225470,0.0
207466,0.0
11587,0.0
52110,0.0
21872,0.0
19310,0.0
239551,0.0
229822,0.0
60894,0.0
64250,0.0
198322,0.0
59842,0.0
221526,0.0
50311,0.0
27715,0.0
198184,0.0
216260,0.0
62866,0.0
189505,0.0
105922,0.0
110473,0.0
20423,0.0
18227,0.0
56608,0.0
145806,0.0
128289,0.0
213414,0.0
56700,0.0
132426,0.0
26570,0.0
10591,0.0
4207,0.0
152005,0.0
212724,0.0
60250,0.0
208111,0.0
96,0.0
157548,0.0
42261,0.0
65578,0.0
234610,0.0
8474,0.0
21328,0.0
75062,0.0
85709,0.0
174789,0.0
243597,0.0
53248,0.0
70877,0.0
15059,0.0
214896,0.0
136820,0.0
260449,0.0
102089,0.0
211637,0.0
228447,0.0
145666,0.0
55466,0.0
104072,0.0
4810,0.0
71659,0.0
235742,0.0
110319,0.0
209543,0.0
70088,0.0
60208,0.0
70064,0.0
40460,0.0
164771,0.0
1375,0.0
40637,0.0
51549,0.0
127421,0.0
212259,0.0
137375,0.0
65172,0.0
246285,0.0
6313,0.0
70220,0.0
17655,0.0
2054,0.0
92886,0.0
20061,0.0
127495,0.0
69971,0.0
9030,0.0
231473,0.0
10784,0.0
217139,0.0
28142,0.0
253253,0.0
20569,0.0
210329,0.0
11479,0.0
181994,0.0
92624,0.0
165943,0.0
174025,0.0
47157,0.0
221784,0.0
35844,0.0
70742,0.0
138674,0.0
158769,0.0
217292,0.0
274819,0.0
142601,0.0
154999,0.0
110705,0.0
4386,0.0
52198,0.0
246023,0.0
46564,0.0
10744,0.0
234641,0.0
64382,0.0
86735,0.0
130612,0.0
51007,0.0
220561,0.0
85978,0.0
3812,0.0
61694,0.0
29599,0.0
15985,0.0
229739,0.0
87391,0.0
88275,0.0
93675,0.0
32181,0.0
29543,0.0
157440,0.0
230084,0.0
77079,0.0
236996,0.0
188641,0.0
198338,0.0
87086,0.0
70915,0.0
119320,0.0
282656,0.0
103200,0.0
79192,0.0
217279,0.0
70874,0.0
37959,0.0
180327,0.0
3986,0.0
74459,0.0
47126,0.0
250457,0.0
55645,0.0
126585,0.0
227261,0.0
249693,0.0
78137,0.0
164547,0.0
23972,0.0
250391,0.0
81448,0.0
137151,0.0
133321,0.0
102847,0.0
37468,0.0
23441,0.0
256053,0.0
102710,0.0
50945,0.0
80579,0.0
54931,0.0
80607,0.0
202384,0.0
14379,0.0
102685,0.0
39424,0.0
22981,0.0
3782,0.0
205933,0.0
7908,0.0
41251,0.0
40944,0.0
106066,0.0
251273,0.0
54314,0.0
76220,0.0
220825,0.0
173174,0.0
229976,0.0
223205,0.0
179637,0.0
40444,0.0
56943,0.0
111057,0.0
91603,0.0
17419,0.0
151443,0.0
23487,0.0
26879,0.0
221839,0.0
97237,0.0
142563,0.0
20118,0.0
146102,0.0
102372,0.0
76988,0.0
127533,0.0
86347,0.0
222150,0.0
96218,0.0
69289,0.0
136471,0.0
250208,0.0
35764,0.0
244034,0.0
251327,0.0
40960,0.0
206352,0.0
81259,0.0
70710,0.0
17667,0.0
236483,0.0
114394,0.0
91775,0.0
71130,0.0
43040,0.0
46961,0.0
136444,0.0
62565,0.0
30074,0.0
44980,0.0
88088,0.0
168506,0.0
211867,0.0
198070,0.0
2344,0.0
23492,0.0
9998,0.0
33936,0.0
21037,0.0
63737,0.0
32763,0.0
250338,0.0
106002,0.0
130643,0.0
259841,0.0
78118,0.0
109409,0.0
250513,0.0
229581,0.0
204504,0.0
80827,0.0
159351,0.0
51583,0.0
65499,0.0
243038,0.0
62459,0.0
40427,0.0
77589,0.0
204785,0.0
122503,0.0
56323,0.0
101602,0.0
210402,0.0
55512,0.0
64845,0.0
93547,0.0
36263,0.0
43384,0.0
205850,0.0
208027,0.0
71234,0.0
126665,0.0
9237,0.0
276026,0.0
225916,0.0
185854,0.0
105987,0.0
215299,0.0
17130,0.0
235826,0.0
46033,0.0
205906,0.0
78841,0.0
40744,0.0
10295,0.0
54769,0.0
217659,0.0
88068,0.0
23564,0.0
61561,0.0
28119,0.0
27756,0.0
64204,0.0
268943,0.0
35858,0.0
217389,0.0
70046,0.0
85624,0.0
204679,0.0
221822,0.0
210014,0.0
14874,0.0
154182,0.0
50349,0.0
132551,0.0
229922,0.0
26168,0.0
282961,0.0
207942,0.0
164723,0.0
275732,0.0
261781,0.0
222511,0.0
87358,0.0
223209,0.0
66325,0.0
190267,0.0
154627,0.0
3826,0.0
224922,0.0
234289,0.0
8183,0.0
36045,0.0
51331,0.0
92364,0.0
106025,0.0
110447,0.0
223878,0.0
61199,0.0
212734,0.0
51920,0.0
228348,0.0
50288,0.0
187963,0.0
30003,0.0
60474,0.0
155309,0.0
220307,0.0
46924,0.0
70951,0.0
18438,0.0
197789,0.0
78683,0.0
167663,0.0
60858,0.0
32842,0.0
126439,0.0
127037,0.0
211741,0.0
140040,0.0
93936,0.0
180791,0.0
87113,0.0
86692,0.0
69679,0.0
91977,0.0
183246,0.0
89358,0.0
77130,0.0
119080,0.0
151348,0.0
33663,0.0
13518,0.0
46993,0.0
131939,0.0
15778,0.0
54287,0.0
180944,0.0
67675,0.0
168599,0.0
12966,0.0
80538,0.0
126458,0.0
225406,0.0
45550,0.0
72639,0.0
88785,0.0
124340,0.0
65932,0.0
212855,0.0
6000,0.0
109335,0.0
141966,0.0
198603,0.0
164706,0.0
220377,0.0
29309,0.0
102567,0.0
233422,0.0
42263,0.0
223046,0.0
71111,0.0
19094,0.0
101556,0.0
76950,0.0
131610,0.0
33552,0.0
247460,0.0
85781,0.0
187624,0.0
110178,0.0
123994,0.0
62221,0.0
50740,0.0
73428,0.0
260384,0.0
29498,0.0
53280,0.0
46215,0.0
14575,0.0
218182,0.0
228863,0.0
145245,0.0
20091,0.0
102739,0.0
24904,0.0
46348,0.0
205127,0.0
78976,0.0
220284,0.0
91644,0.0
230442,0.0
163213,0.0
126720,0.0
251605,0.0
72115,0.0
15937,0.0
94387,0.0
211408,0.0
145769,0.0
15906,0.0
32055,0.0
120387,0.0
23687,0.0
204763,0.0
221198,0.0
72706,0.0
95655,0.0
94928,0.0
79336,0.0
110728,0.0
69492,0.0
64266,0.0
54258,0.0
94925,0.0
11026,0.0
117,0.0
102986,0.0
64696,0.0
93031,0.0
227787,0.0
94622,0.0
8092,0.0
30594,0.0
80992,0.0
76646,0.0
21252,0.0
109349,0.0
101831,0.0
105675,0.0
164663,0.0
243881,0.0
119902,0.0
266688,0.0
37543,0.0
119262,0.0
229644,0.0
9459,0.0
87589,0.0
85983,0.0
86441,0.0
154576,0.0
86674,0.0
66128,0.0
204913,0.0
40432,0.0
177906,0.0
63841,0.0
42170,0.0
86741,0.0
124094,0.0
164742,0.0
92329,0.0
228941,0.0
77235,0.0
28348,0.0
228326,0.0
44957,0.0
145783,0.0
18959,0.0
109650,0.0
210035,0.0
15927,0.0
87246,0.0
109251,0.0
51367,0.0
234287,0.0
135620,0.0
265074,0.0
98323,0.0
97082,0.0
140340,0.0
221056,0.0
92761,0.0
226467,0.0
33304,0.0
38418,0.0
34158,0.0
85408,0.0
45482,0.0
145447,0.0
237606,0.0
49844,0.0
80773,0.0
101500,0.0
118989,0.0
77812,0.0
215348,0.0
260310,0.0
174721,0.0
234235,0.0
157468,0.0
3195,0.0
66680,0.0
31820,0.0
229910,0.0
86628,0.0
214004,0.0
67761,0.0
66738,0.0
207834,0.0
92576,0.0
72436,0.0
72230,0.0
23421,0.0
118971,0.0
35040,0.0
9108,0.0
63068,0.0
20485,0.0
104373,0.0
217392,0.0
212634,0.0
57064,0.0
211052,0.0
248219,0.0
229916,0.0
136609,0.0
71235,0.0
215512,0.0
217828,0.0
205805,0.0
224003,0.0
65895,0.0
275617,0.0
23791,0.0
29588,0.0
42868,0.0
168085,0.0
234836,0.0
164679,0.0
70517,0.0
74171,0.0
72651,0.0
47334,0.0
269780,0.0
43880,0.0
81088,0.0
43156,0.0
154798,0.0
28404,0.0
107514,0.0
180163,0.0
8620,0.0
99369,0.0
211181,0.0
225219,0.0
45521,0.0
60828,0.0
97245,0.0
190017,0.0
46877,0.0
19878,0.0
223259,0.0
207492,0.0
76209,0.0
69661,0.0
1810,0.0
211602,0.0
70112,0.0
206339,0.0
17954,0.0
221174,0.0
36827,0.0
78515,0.0
216640,0.0
65859,0.0
103501,0.0
229504,0.0
204149,0.0
30418,0.0
210918,0.0
216095,0.0
220586,0.0
64294,0.0
88761,0.0
275076,0.0
81267,0.0
57342,0.0
205570,0.0
269523,0.0
207555,0.0
77717,0.0
266261,0.0
23256,0.0
198558,0.0
81067,0.0
56490,0.0
65098,0.0
203544,0.0
95012,0.0
66880,0.0
120664,0.0
65511,0.0
212193,0.0
133606,0.0
86075,0.0
221033,0.0
149998,0.0
27053,0.0
110950,0.0
220658,0.0
17477,0.0
61095,0.0
22281,0.0
20787,0.0
228165,0.0
32043,0.0
259181,0.0
9937,0.0
78690,0.0
152255,0.0
131165,0.0
85381,0.0
180909,0.0
26312,0.0
24846,0.0
60391,0.0
92650,0.0
134597,0.0
29651,0.0
91638,0.0
109220,0.0
13676,0.0
118195,0.0
77394,0.0
37933,0.0
32865,0.0
76766,0.0
110720,0.0
85603,0.0
250255,0.0
222764,0.0
52524,0.0
104175,0.0
269321,0.0
284515,0.0
252433,0.0
217046,0.0
3885,0.0
79343,0.0
250919,0.0
136783,0.0
87407,0.0
56159,0.0
30059,0.0
9028,0.0
27963,0.0
51795,0.0
13112,0.0
222774,0.0
32262,0.0
243874,0.0
151376,0.0
77880,0.0
62277,0.0
111002,0.0
65980,0.0
189458,0.0
179466,0.0
155054,0.0
103779,0.0
251157,0.0
119642,0.0
45988,0.0
79044,0.0
207093,0.0
40141,0.0
136900,0.0
28573,0.0
229981,0.0
62237,0.0
114574,0.0
118906,0.0
5672,0.0
65534,0.0
51646,0.0
81384,0.0
81111,0.0
29766,0.0
96433,0.0
170270,0.0
39094,0.0
33594,0.0
17141,0.0
39303,0.0
13732,0.0
126838,0.0
77464,0.0
20692,0.0
9975,0.0
23477,0.0
217694,0.0
27196,0.0
3982,0.0
222684,0.0
52223,0.0
278532,0.0
81408,0.0
234845,0.0
199912,0.0
148986,0.0
36519,0.0
20781,0.0
102856,0.0
76777,0.0
212811,0.0
33679,0.0
142927,0.0
230160,0.0
220727,0.0
236364,0.0
101991,0.0
191753,0.0
111085,0.0
250658,0.0
76423,0.0
188754,0.0
87217,0.0
245459,0.0
50452,0.0
137087,0.0
64677,0.0
38113,0.0
69940,0.0
36923,0.0
135619,0.0
40993,0.0
50656,0.0
86521,0.0
21944,0.0
98562,0.0
76710,0.0
264455,0.0
145907,0.0
631,0.0
207286,0.0
172983,0.0
46070,0.0
97395,0.0
72589,0.0
211249,0.0
94036,0.0
118510,0.0
276267,0.0
210384,0.0
47420,0.0
86181,0.0
82035,0.0
24689,0.0
157692,0.0
60830,0.0
274911,0.0
106027,0.0
80091,0.0
127334,0.0
147170,0.0
31369,0.0
92735,0.0
114510,0.0
15794,0.0
247046,0.0
259639,0.0
182486,0.0
49580,0.0
63905,0.0
69641,0.0
250712,0.0
86240,0.0
173662,0.0
93175,0.0
79084,0.0
38367,0.0
179125,0.0
78547,0.0
259309,0.0
77555,0.0
259331,0.0
91981,0.0
217725,0.0
28326,0.0
43694,0.0
205730,0.0
42216,0.0
106035,0.0
124173,0.0
228712,0.0
66700,0.0
78714,0.0
243411,0.0
114487,0.0
189425,0.0
36038,0.0
166130,0.0
29127,0.0
120539,0.0
55074,0.0
119446,0.0
57282,0.0
36013,0.0
174335,0.0
11512,0.0
62828,0.0
18258,0.0
52126,0.0
209934,0.0
101363,0.0
165842,0.0
71901,0.0
28169,0.0
227325,0.0
167404,0.0
141255,0.0
17497,0.0
221933,0.0
7554,0.0
222772,0.0
217967,0.0
235235,0.0
3481,0.0
7092,0.0
173466,0.0
110113,0.0
101860,0.0
127261,0.0
223903,0.0
20933,0.0
41890,0.0
222690,0.0
215595,0.0
21516,0.0
211883,0.0
6368,0.0
251252,0.0
114608,0.0
54164,0.0
13298,0.0
86154,0.0
275919,0.0
76101,0.0
28317,0.0
93229,0.0
41776,0.0
274698,0.0
235454,0.0
40367,0.0
211422,0.0
248355,0.0
241972,0.0
210773,0.0
50398,0.0
229724,0.0
4081,0.0
110718,0.0
157572,0.0
15570,0.0
33745,0.0
105749,0.0
236863,0.0
88192,0.0
22020,0.0
132892,0.0
103016,0.0
46276,0.0
110186,0.0
102682,0.0
181504,0.0
42032,0.0
22992,0.0
169962,0.0
213018,0.0
54554,0.0
217994,0.0
28868,0.0
145944,0.0
118677,0.0
14868,0.0
173720,0.0
92815,0.0
52246,0.0
180983,0.0
4795,0.0
25410,0.0
78967,0.0
211986,0.0
25953,0.0
103712,0.0
93977,0.0
102698,0.0
34336,0.0
86102,0.0
17494,0.0
110158,0.0
169742,0.0
120189,0.0
45726,0.0
214435,0.0
205022,0.0
42167,0.0
15840,0.0
169499,0.0
120256,0.0
71891,0.0
77681,0.0
69941,0.0
26936,0.0
24510,0.0
37274,0.0
212844,0.0
85110,0.0
126763,0.0
230500,0.0
47278,0.0
81591,0.0
50658,0.0
70866,0.0
46362,0.0
20602,0.0
65870,0.0
174487,0.0
23442,0.0
7802,0.0
169969,0.0
150038,0.0
80774,0.0
222628,0.0
79128,0.0
260961,0.0
36989,0.0
25948,0.0
43340,0.0
25087,0.0
100756,0.0
4738,0.0
198408,0.0
62191,0.0
276803,0.0
251174,0.0
77849,0.0
56675,0.0
19632,0.0
32336,0.0
109539,0.0
249650,0.0
188107,0.0
4916,0.0
135950,0.0
103122,0.0
41667,0.0
94935,0.0
46615,0.0
9121,0.0
212101,0.0
78504,0.0
128032,0.0
236713,0.0
102260,0.0
216659,0.0
36666,0.0
174581,0.0
81300,0.0
127701,0.0
57637,0.0
61384,0.0
15042,0.0
60582,0.0
13337,0.0
217120,0.0
21223,0.0
47332,0.0
50718,0.0
92905,0.0
118455,0.0
234482,0.0
36695,0.0
41079,0.0
120039,0.0
29891,0.0
56082,0.0
101291,0.0
21229,0.0
250911,0.0
113727,0.0
220764,0.0
227803,0.0
33201,0.0
235224,0.0
37648,0.0
236560,0.0
189067,0.0
158592,0.0
85807,0.0
211354,0.0
22808,0.0
205674,0.0
180028,0.0
189736,0.0
91959,0.0
161237,0.0
275095,0.0
241809,0.0
259826,0.0
18051,0.0
157498,0.0
27680,0.0
230456,0.0
102572,0.0
87961,0.0
80676,0.0
75948,0.0
226872,0.0
81935,0.0
217519,0.0
78425,0.0
144993,0.0
50610,0.0
27345,0.0
94552,0.0
242958,0.0
101023,0.0
38322,0.0
37303,0.0
259211,0.0
129573,0.0
111519,0.0
42031,0.0
6254,0.0
229924,0.0
223598,0.0
127064,0.0
275721,0.0
64130,0.0
57493,0.0
12172,0.0
14618,0.0
51682,0.0
133194,0.0
82442,0.0
5009,0.0
227529,0.0
42895,0.0
70893,0.0
37910,0.0
214659,0.0
156541,0.0
42102,0.0
212189,0.0
6525,0.0
13812,0.0
229580,0.0
170028,0.0
269480,0.0
118629,0.0
222560,0.0
61166,0.0
206495,0.0
260297,0.0
10787,0.0
9687,0.0
212317,0.0
94368,0.0
96223,0.0
8987,0.0
24899,0.0
137266,0.0
198451,0.0
217931,0.0
236816,0.0
230348,0.0
263561,0.0
52776,0.0
61673,0.0
29413,0.0
32271,0.0
216971,0.0
207229,0.0
70401,0.0
214815,0.0
114910,0.0
246430,0.0
210242,0.0
57647,0.0
31889,0.0
32328,0.0
211669,0.0
79269,0.0
188145,0.0
51204,0.0
235397,0.0
87297,0.0
198082,0.0
269460,0.0
26146,0.0
250504,0.0
136456,0.0
140292,0.0
174662,0.0
91691,0.0
49850,0.0
277222,0.0
222379,0.0
12476,0.0
97913,0.0
63625,0.0
35302,0.0
88161,0.0
109476,0.0
18905,0.0
45416,0.0
217270,0.0
55903,0.0
69569,0.0
52237,0.0
54763,0.0
86060,0.0
40559,0.0
12321,0.0
54695,0.0
203475,0.0
80965,0.0
17251,0.0
2974,0.0
72485,0.0
170566,0.0
78671,0.0
229575,0.0
78189,0.0
136358,0.0
205679,0.0
92232,0.0
63873,0.0
172793,0.0
235411,0.0
236926,0.0
258295,0.0
79060,0.0
24235,0.0
11368,0.0
119468,0.0
18341,0.0
229390,0.0
110960,0.0
173132,0.0
56530,0.0
81666,0.0
67535,0.0
44692,0.0
243419,0.0
220633,0.0
80187,0.0
55723,0.0
283623,0.0
227223,0.0
118927,0.0
46486,0.0
164464,0.0
177518,0.0
234522,0.0
155163,0.0
137177,0.0
8775,0.0
251128,0.0
24277,0.0
27381,0.0
19572,0.0
154401,0.0
274788,0.0
60575,0.0
247322,0.0
51737,0.0
30673,0.0
57305,0.0
215493,0.0
8967,0.0
34097,0.0
157589,0.0
128012,0.0
223218,0.0
62134,0.0
191833,0.0
46107,0.0
273117,0.0
55388,0.0
36950,0.0
102783,0.0
85522,0.0
223022,0.0
179887,0.0
65971,0.0
79145,0.0
179697,0.0
216696,0.0
5015,0.0
183069,0.0
9733,0.0
145627,0.0
15045,0.0
109580,0.0
63630,0.0
181111,0.0
40625,0.0
68874,0.0
118349,0.0
152198,0.0
16616,0.0
97498,0.0
66627,0.0
103904,0.0
51335,0.0
211033,0.0
242025,0.0
233474,0.0
4904,0.0
4884,0.0
49653,0.0
259339,0.0
119854,0.0
233997,0.0
223139,0.0
37921,0.0
234462,0.0
55760,0.0
9836,0.0
101693,0.0
151984,0.0
235916,0.0
166113,0.0
40421,0.0
79102,0.0
15649,0.0
166148,0.0
136083,0.0
217899,0.0
52251,0.0
87812,0.0
207400,0.0
132345,0.0
110006,0.0
81691,0.0
80686,0.0
276732,0.0
23493,0.0
215321,0.0
38135,0.0
228481,0.0
27547,0.0
274146,0.0
66503,0.0
110444,0.0
4730,0.0
78708,0.0
80866,0.0
10973,0.0
137063,0.0
284807,0.0
51330,0.0
80743,0.0
7892,0.0
102525,0.0
71967,0.0
62331,0.0
233760,0.0
65668,0.0
215187,0.0
104338,0.0
259604,0.0
76561,0.0
34113,0.0
212031,0.0
208053,0.0
19918,0.0
55541,0.0
277091,0.0
38262,0.0
202024,0.0
61089,0.0
28447,0.0
8546,0.0
92754,0.0
251675,0.0
164528,0.0
13847,0.0
210991,0.0
66422,0.0
72385,0.0
236800,0.0
36239,0.0
42955,0.0
222859,0.0
25744,0.0
6348,0.0
80904,0.0
216664,0.0
180816,0.0
12783,0.0
115186,0.0
42710,0.0
78273,0.0
218106,0.0
23140,0.0
119065,0.0
86375,0.0
81734,0.0
56130,0.0
56991,0.0
37587,0.0
154605,0.0
37461,0.0
9378,0.0
274138,0.0
49947,0.0
55570,0.0
50776,0.0
34058,0.0
228386,0.0
97693,0.0
86832,0.0
195476,0.0
5644,0.0
95809,0.0
137396,0.0
228148,0.0
157568,0.0
30231,0.0
154258,0.0
20450,0.0
221265,0.0
36215,0.0
105843,0.0
136000,0.0
24635,0.0
228962,0.0
281178,0.0
243242,0.0
14670,0.0
242069,0.0
24464,0.0
55358,0.0
20973,0.0
136935,0.0
77012,0.0
48783,0.0
115181,0.0
79049,0.0
65476,0.0
229821,0.0
275926,0.0
242568,0.0
115944,0.0
17563,0.0
109546,0.0
33764,0.0
223934,0.0
131821,0.0
173748,0.0
255844,0.0
66532,0.0
56175,0.0
24195,0.0
90675,0.0
181437,0.0
118735,0.0
175280,0.0
157458,0.0
66359,0.0
66659,0.0
21038,0.0
217719,0.0
272381,0.0
116860,0.0
77558,0.0
24210,0.0
136451,0.0
207172,0.0
209460,0.0
110578,0.0
46119,0.0
174775,0.0
110983,0.0
57049,0.0
54257,0.0
209695,0.0
88515,0.0
61806,0.0
30490,0.0
42951,0.0
84474,0.0
12295,0.0
220584,0.0
204992,0.0
50903,0.0
101512,0.0
205736,0.0
131634,0.0
128052,0.0
23962,0.0
229372,0.0
41183,0.0
29279,0.0
107756,0.0
33989,0.0
250508,0.0
137018,0.0
259416,0.0
55510,0.0
137064,0.0
251633,0.0
233995,0.0
29798,0.0
14187,0.0
71944,0.0
176771,0.0
174576,0.0
210391,0.0
187600,0.0
30276,0.0
75522,0.0
40859,0.0
128111,0.0
127508,0.0
10752,0.0
105800,0.0
8581,0.0
238587,0.0
250244,0.0
60364,0.0
245016,0.0
55704,0.0
29667,0.0
126885,0.0
16316,0.0
214238,0.0
240064,0.0
236425,0.0
14398,0.0
119041,0.0
99618,0.0
250700,0.0
2952,0.0
70823,0.0
27839,0.0
211286,0.0
81639,0.0
212644,0.0
62366,0.0
88271,0.0
244115,0.0
210850,0.0
77543,0.0
51054,0.0
251233,0.0
140062,0.0
204900,0.0
86374,0.0
81485,0.0
87837,0.0
204889,0.0
92781,0.0
102367,0.0
65348,0.0
243674,0.0
47310,0.0
51222,0.0
3791,0.0
54893,0.0
259388,0.0
41881,0.0
163892,0.0
276539,0.0
211999,0.0
54750,0.0
76680,0.0
210477,0.0
155329,0.0
223657,0.0
35566,0.0
11396,0.0
119011,0.0
70987,0.0
188045,0.0
76634,0.0
228399,0.0
101675,0.0
210957,0.0
222087,0.0
36329,0.0
40590,0.0
227771,0.0
221397,0.0
269589,0.0
217534,0.0
127209,0.0
62047,0.0
81066,0.0
92501,0.0
217035,0.0
220922,0.0
105798,0.0
198477,0.0
76859,0.0
87225,0.0
55446,0.0
217661,0.0
229725,0.0
269307,0.0
179931,0.0
145590,0.0
183411,0.0
47134,0.0
70690,0.0
93035,0.0
4141,0.0
166254,0.0
94271,0.0
162888,0.0
63054,0.0
236400,0.0
70093,0.0
136264,0.0
210589,0.0
155279,0.0
54640,0.0
77808,0.0
54354,0.0
61875,0.0
10018,0.0
45270,0.0
56432,0.0
102064,0.0
189023,0.0
13846,0.0
101843,0.0
88023,0.0
178591,0.0
163207,0.0
29121,0.0
221286,0.0
154035,0.0
80690,0.0
93318,0.0
209845,0.0
50957,0.0
45199,0.0
94632,0.0
40854,0.0
235446,0.0
56661,0.0
16430,0.0
85177,0.0
72704,0.0
23581,0.0
63859,0.0
211004,0.0
81790,0.0
215088,0.0
145363,0.0
19280,0.0
13462,0.0
234496,0.0
60202,0.0
154227,0.0
207538,0.0
216825,0.0
173903,0.0
6965,0.0
50733,0.0
54977,0.0
93495,0.0
15392,0.0
15324,0.0
154716,0.0
29244,0.0
206466,0.0
42841,0.0
180918,0.0
94819,0.0
220810,0.0
148782,0.0
56994,0.0
210896,0.0
43708,0.0
36648,0.0
229467,0.0
22032,0.0
275774,0.0
236661,0.0
15597,0.0
32093,0.0
87424,0.0
35684,0.0
87286,0.0
181910,0.0
223243,0.0
29665,0.0
23702,0.0
25082,0.0
42780,0.0
88627,0.0
145849,0.0
24561,0.0
30409,0.0
21759,0.0
23915,0.0
212007,0.0
216953,0.0
125537,0.0
97270,0.0
47543,0.0
24535,0.0
30304,0.0
102580,0.0
23695,0.0
31759,0.0
79358,0.0
154308,0.0
275830,0.0
45405,0.0
145815,0.0
26074,0.0
230146,0.0
15564,0.0
148887,0.0
135711,0.0
77566,0.0
64600,0.0
107160,0.0
228429,0.0
54188,0.0
21129,0.0
9123,0.0
236718,0.0
156020,0.0
259404,0.0
91140,0.0
102066,0.0
144307,0.0
97116,0.0
55649,0.0
275514,0.0
82361,0.0
127775,0.0
223993,0.0
188098,0.0
35482,0.0
24454,0.0
107287,0.0
110242,0.0
145864,0.0
216997,0.0
62608,0.0
57422,0.0
27346,0.0
33145,0.0
57510,0.0
51895,0.0
207467,0.0
81269,0.0
64697,0.0
92782,0.0
103039,0.0
70496,0.0
64920,0.0
212214,0.0
30039,0.0
166998,0.0
206375,0.0
65062,0.0
72466,0.0
36457,0.0
71788,0.0
78360,0.0
274470,0.0
157558,0.0
222235,0.0
65677,0.0
136557,0.0
20678,0.0
235979,0.0
86367,0.0
104474,0.0
27259,0.0
259610,0.0
260072,0.0
35557,0.0
16700,0.0
198531,0.0
29647,0.0
229883,0.0
235685,0.0
97856,0.0
269824,0.0
234927,0.0
87923,0.0
157383,0.0
78498,0.0
75864,0.0
277146,0.0
32340,0.0
276626,0.0
24436,0.0
136446,0.0
92780,0.0
1370,0.0
8748,0.0
66018,0.0
249747,0.0
65382,0.0
151091,0.0
94652,0.0
220719,0.0
119181,0.0
50365,0.0
57677,0.0
80657,0.0
205713,0.0
36608,0.0
111005,0.0
85715,0.0
70440,0.0
24882,0.0
45337,0.0
101624,0.0
221018,0.0
221943,0.0
28271,0.0
205110,0.0
260126,0.0
124244,0.0
30626,0.0
223321,0.0
109230,0.0
104232,0.0
211947,0.0
207534,0.0
193742,0.0
29566,0.0
51994,0.0
64511,0.0
668,0.0
37908,0.0
66319,0.0
132975,0.0
87307,0.0
118590,0.0
56884,0.0
17182,0.0
220579,0.0
245570,0.0
33738,0.0
61754,0.0
66186,0.0
40546,0.0
174712,0.0
235320,0.0
56886,0.0
136295,0.0
69273,0.0
68130,0.0
59879,0.0
135402,0.0
97353,0.0
14820,0.0
105476,0.0
220905,0.0
74390,0.0
249071,0.0
81031,0.0
27742,0.0
40771,0.0
63597,0.0
61658,0.0
32758,0.0
4243,0.0
235751,0.0
38410,0.0
61953,0.0
20546,0.0
181456,0.0
259699,0.0
62817,0.0
101195,0.0
105793,0.0
63641,0.0
77174,0.0
211530,0.0
91854,0.0
92261,0.0
3697,0.0
174526,0.0
108907,0.0
61893,0.0
173960,0.0
7079,0.0
130769,0.0
27767,0.0
81276,0.0
88273,0.0
111262,0.0
17642,0.0
126815,0.0
47222,0.0
44916,0.0
233210,0.0
234117,0.0
72537,0.0
118779,0.0
42160,0.0
57687,0.0
118260,0.0
23642,0.0
39958,0.0
190514,0.0
173272,0.0
155108,0.0
56403,0.0
244537,0.0
67971,0.0
224039,0.0
85889,0.0
36508,0.0
154875,0.0
55123,0.0
62730,0.0
49763,0.0
235687,0.0
51874,0.0
103112,0.0
63488,0.0
92833,0.0
114570,0.0
5624,0.0
20854,0.0
101913,0.0
227290,0.0
60679,0.0
210434,0.0
211943,0.0
76139,0.0
88119,0.0
20161,0.0
229816,0.0
60201,0.0
20617,0.0
233985,0.0
277159,0.0
282204,0.0
95846,0.0
65519,0.0
6691,0.0
24515,0.0
65447,0.0
38033,0.0
88848,0.0
63896,0.0
92299,0.0
18387,0.0
109943,0.0
57542,0.0
233804,0.0
230473,0.0
91832,0.0
64445,0.0
75828,0.0
94514,0.0
23817,0.0
76562,0.0
181042,0.0
97325,0.0
45014,0.0
234469,0.0
19620,0.0
212448,0.0
60218,0.0
94298,0.0
175219,0.0
62123,0.0
109624,0.0
66574,0.0
102191,0.0
13491,0.0
234017,0.0
126961,0.0
30963,0.0
103525,0.0
42735,0.0
204773,0.0
40489,0.0
60233,0.0
201879,0.0
103692,0.0
184242,0.0
260085,0.0
215131,0.0
227950,0.0
76475,0.0
24542,0.0
222996,0.0
126699,0.0
10601,0.0
23993,0.0
62350,0.0
223755,0.0
61963,0.0
78750,0.0
51334,0.0
185114,0.0
275035,0.0
164374,0.0
229038,0.0
69983,0.0
222090,0.0
140413,0.0
246699,0.0
23044,0.0
26205,0.0
165998,0.0
102215,0.0
215466,0.0
105735,0.0
127379,0.0
35123,0.0
249716,0.0
207934,0.0
47474,0.0
216740,0.0
87,0.0
135904,0.0
29774,0.0
49012,0.0
28113,0.0
229255,0.0
86643,0.0
207792,0.0
6669,0.0
46740,0.0
56589,0.0
41695,0.0
65575,0.0
186076,0.0
102252,0.0
230177,0.0
94273,0.0
217875,0.0
20682,0.0
118750,0.0
43842,0.0
92196,0.0
64850,0.0
51081,0.0
36231,0.0
50947,0.0
50554,0.0
215615,0.0
76000,0.0
82290,0.0
145682,0.0
210787,0.0
216645,0.0
184663,0.0
251577,0.0
52041,0.0
137393,0.0
178440,0.0
26253,0.0
48210,0.0
58817,0.0
136899,0.0
32361,0.0
241845,0.0
241841,0.0
236694,0.0
24100,0.0
62806,0.0
51648,0.0
93212,0.0
151369,0.0
101918,0.0
71988,0.0
236391,0.0
46030,0.0
243041,0.0
179324,0.0
62418,0.0
102802,0.0
166123,0.0
26134,0.0
110439,0.0
6479,0.0
64359,0.0
183444,0.0
47143,0.0
227435,0.0
20131,0.0
174461,0.0
190522,0.0
13293,0.0
228601,0.0
75721,0.0
207100,0.0
88180,0.0
216456,0.0
110811,0.0
19523,0.0
61522,0.0
86401,0.0
85742,0.0
15820,0.0
121252,0.0
205649,0.0
55092,0.0
39571,0.0
242238,0.0
27390,0.0
97244,0.0
230200,0.0
243520,0.0
28088,0.0
182560,0.0
197826,0.0
97280,0.0
39194,0.0
221092,0.0
247829,0.0
113909,0.0
20607,0.0
92363,0.0
111048,0.0
36879,0.0
214695,0.0
52094,0.0
216087,0.0
234810,0.0
259487,0.0
142086,0.0
65268,0.0
227709,0.0
210081,0.0
220918,0.0
242879,0.0
110600,0.0
23146,0.0
228998,0.0
33642,0.0
76302,0.0
276638,0.0
72171,0.0
65977,0.0
40996,0.0
220498,0.0
46505,0.0
97477,0.0
215418,0.0
37614,0.0
101823,0.0
42058,0.0
15230,0.0
62555,0.0
217146,0.0
30234,0.0
21040,0.0
26509,0.0
212197,0.0
29827,0.0
93645,0.0
173870,0.0
35099,0.0
87559,0.0
81275,0.0
179473,0.0
117992,0.0
242273,0.0
230211,0.0
45549,0.0
236279,0.0
109641,0.0
50702,0.0
187451,0.0
118898,0.0
174556,0.0
234402,0.0
53905,0.0
145292,0.0
165845,0.0
46378,0.0
145859,0.0
260048,0.0
119908,0.0
21085,0.0
72495,0.0
6907,0.0
76238,0.0
242047,0.0
41454,0.0
174705,0.0
217118,0.0
240536,0.0
42397,0.0
234590,0.0
77423,0.0
93859,0.0
145923,0.0
33564,0.0
61780,0.0
54243,0.0
6288,0.0
119134,0.0
62445,0.0
88597,0.0
183738,0.0
8580,0.0
37973,0.0
250424,0.0
23435,0.0
46767,0.0
33712,0.0
245955,0.0
211223,0.0
116608,0.0
27164,0.0
246652,0.0
65248,0.0
118255,0.0
88872,0.0
79240,0.0
40286,0.0
210863,0.0
260125,0.0
250372,0.0
30259,0.0
265448,0.0
219308,0.0
50757,0.0
110109,0.0
95048,0.0
37598,0.0
102793,0.0
27543,0.0
221441,0.0
24356,0.0
243798,0.0
269470,0.0
210175,0.0
250811,0.0
228687,0.0
76165,0.0
81819,0.0
64142,0.0
122239,0.0
1910,0.0
110745,0.0
269845,0.0
97436,0.0
18945,0.0
125115,0.0
40705,0.0
54674,0.0
222747,0.0
235759,0.0
211016,0.0
65484,0.0
219157,0.0
269395,0.0
50056,0.0
8954,0.0
24504,0.0
77002,0.0
110101,0.0
102890,0.0
56046,0.0
11048,0.0
118837,0.0
136363,0.0
73264,0.0
86286,0.0
4541,0.0
23658,0.0
21147,0.0
165285,0.0
230485,0.0
154807,0.0
102830,0.0
92772,0.0
244046,0.0
78132,0.0
210432,0.0
30315,0.0
207745,0.0
184591,0.0
50085,0.0
27920,0.0
234176,0.0
71059,0.0
26586,0.0
155233,0.0
3842,0.0
102045,0.0
85604,0.0
148988,0.0
87282,0.0
77519,0.0
136543,0.0
9255,0.0
118426,0.0
136008,0.0
164760,0.0
81284,0.0
146035,0.0
60256,0.0
66842,0.0
5989,0.0
119033,0.0
72321,0.0
220335,0.0
14424,0.0
173904,0.0
118348,0.0
228410,0.0
2146,0.0
146117,0.0
109193,0.0
48746,0.0
159900,0.0
52491,0.0
127698,0.0
241969,0.0
33165,0.0
222244,0.0
64692,0.0
164552,0.0
8409,0.0
65698,0.0
222450,0.0
931,0.0
20660,0.0
33307,0.0
210280,0.0
109302,0.0
100853,0.0
8169,0.0
243754,0.0
234327,0.0
76195,0.0
228146,0.0
86945,0.0
23724,0.0
70236,0.0
61546,0.0
259273,0.0
103641,0.0
88928,0.0
36500,0.0
223940,0.0
64934,0.0
71858,0.0
57237,0.0
145728,0.0
250184,0.0
27384,0.0
249580,0.0
92484,0.0
211500,0.0
65219,0.0
19024,0.0
42341,0.0
13741,0.0
29886,0.0
86114,0.0
131570,0.0
46985,0.0
17086,0.0
205216,0.0
17877,0.0
69183,0.0
229344,0.0
94636,0.0
6389,0.0
212586,0.0
189613,0.0
101295,0.0
135048,0.0
206660,0.0
15863,0.0
66363,0.0
13359,0.0
105811,0.0
60806,0.0
251410,0.0
38426,0.0
207737,0.0
31561,0.0
218137,0.0
17090,0.0
2905,0.0
93316,0.0
85672,0.0
109333,0.0
173540,0.0
63662,0.0
26739,0.0
7193,0.0
87338,0.0
119540,0.0
145927,0.0
225794,0.0
9988,0.0
154572,0.0
251391,0.0
72505,0.0
198194,0.0
27355,0.0
1322,0.0
91870,0.0
136598,0.0
207662,0.0
54429,0.0
206562,0.0
126178,0.0
202178,0.0
44526,0.0
46166,0.0
205811,0.0
6663,0.0
223901,0.0
27199,0.0
42559,0.0
217395,0.0
209578,0.0
269483,0.0
57619,0.0
222776,0.0
224989,0.0
55929,0.0
229830,0.0
61927,0.0
164321,0.0
46376,0.0
69986,0.0
51493,0.0
42168,0.0
46693,0.0
10869,0.0
61873,0.0
207914,0.0
94830,0.0
118482,0.0
114331,0.0
216646,0.0
659,0.0
63288,0.0
27218,0.0
27589,0.0
50034,0.0
259950,0.0
226919,0.0
71259,0.0
207747,0.0
249772,0.0
94854,0.0
214149,0.0
49423,0.0
235825,0.0
1560,0.0
222623,0.0
216702,0.0
101508,0.0
175950,0.0
7999,0.0
86773,0.0
46930,0.0
243441,0.0
13532,0.0
260092,0.0
61682,0.0
109609,0.0
103529,0.0
75218,0.0
164686,0.0
42633,0.0
212712,0.0
100825,0.0
12622,0.0
227221,0.0
198424,0.0
45997,0.0
81161,0.0
61648,0.0
21546,0.0
101729,0.0
49133,0.0
206497,0.0
42068,0.0
9065,0.0
234204,0.0
166091,0.0
198190,0.0
65367,0.0
70792,0.0
15267,0.0
224005,0.0
251784,0.0
46846,0.0
23740,0.0
146173,0.0
60729,0.0
76493,0.0
87346,0.0
118883,0.0
22798,0.0
56374,0.0
102910,0.0
15149,0.0
36726,0.0
229907,0.0
114599,0.0
17930,0.0
20508,0.0
259906,0.0
63226,0.0
66041,0.0
45086,0.0
230308,0.0
28043,0.0
100762,0.0
66555,0.0
69171,0.0
260328,0.0
230221,0.0
78713,0.0
207691,0.0
47541,0.0
216951,0.0
226461,0.0
75698,0.0
243254,0.0
29474,0.0
11673,0.0
128107,0.0
9904,0.0
32564,0.0
187945,0.0
164301,0.0
17848,0.0
109209,0.0
65217,0.0
198279,0.0
65281,0.0
163777,0.0
218151,0.0
117772,0.0
47081,0.0
243337,0.0
221686,0.0
211080,0.0
150037,0.0
60381,0.0
241823,0.0
33140,0.0
221416,0.0
24064,0.0
26643,0.0
29306,0.0
111238,0.0
80897,0.0
59926,0.0
69499,0.0
95104,0.0
136087,0.0
217723,0.0
155069,0.0
85005,0.0
66622,0.0
211800,0.0
22450,0.0
114017,0.0
216523,0.0
217298,0.0
27256,0.0
71161,0.0
212241,0.0
69156,0.0
210085,0.0
120,0.0
52076,0.0
117348,0.0
17756,0.0
35037,0.0
68871,0.0
15253,0.0
3617,0.0
43005,0.0
217590,0.0
65347,0.0
66478,0.0
37653,0.0
47360,0.0
234474,0.0
26653,0.0
72105,0.0
145618,0.0
236900,0.0
209311,0.0
85379,0.0
79081,0.0
6138,0.0
54870,0.0
198271,0.0
145440,0.0
13717,0.0
79117,0.0
22983,0.0
45508,0.0
243002,0.0
64568,0.0
211799,0.0
60700,0.0
93815,0.0
47206,0.0
23604,0.0
189996,0.0
6287,0.0
92866,0.0
80578,0.0
79007,0.0
33930,0.0
88354,0.0
62686,0.0
95342,0.0
29918,0.0
86438,0.0
60950,0.0
17646,0.0
216045,0.0
146132,0.0
17312,0.0
77165,0.0
61015,0.0
93568,0.0
216880,0.0
17281,0.0
150609,0.0
113347,0.0
216253,0.0
230123,0.0
210524,0.0
217063,0.0
2090,0.0
54595,0.0
54269,0.0
105876,0.0
102256,0.0
70328,0.0
88745,0.0
119112,0.0
10888,0.0
70132,0.0
70073,0.0
206333,0.0
32156,0.0
110995,0.0
134235,0.0
10258,0.0
85187,0.0
252998,0.0
1554,0.0
138115,0.0
227522,0.0
106274,0.0
70457,0.0
77610,0.0
34211,0.0
88847,0.0
97602,0.0
33024,0.0
42865,0.0
28171,0.0
54834,0.0
62832,0.0
97521,0.0
106266,0.0
46402,0.0
29260,0.0
178867,0.0
110096,0.0
28346,0.0
207425,0.0
236884,0.0
216780,0.0
127255,0.0
222515,0.0
167709,0.0
4573,0.0
148684,0.0
37015,0.0
207078,0.0
212606,0.0
85175,0.0
236737,0.0
101323,0.0
29147,0.0
14899,0.0
29603,0.0
46028,0.0
212025,0.0
207077,0.0
277221,0.0
276168,0.0
131336,0.0
66934,0.0
6124,0.0
50131,0.0
45338,0.0
52306,0.0
103365,0.0
40433,0.0
226145,0.0
42736,0.0
15706,0.0
243410,0.0
145723,0.0
180914,0.0
23517,0.0
110743,0.0
9439,0.0
70706,0.0
51373,0.0
32086,0.0
268289,0.0
78480,0.0
90024,0.0
155137,0.0
165970,0.0
75871,0.0
24117,0.0
206190,0.0
102954,0.0
148812,0.0
151087,0.0
27018,0.0
80899,0.0
6915,0.0
41696,0.0
6581,0.0
127911,0.0
215225,0.0
91754,0.0
61615,0.0
45153,0.0
1629,0.0
149082,0.0
154640,0.0
41147,0.0
164412,0.0
12514,0.0
269348,0.0
33021,0.0
8216,0.0
15727,0.0
38171,0.0
60550,0.0
251105,0.0
9355,0.0
19291,0.0
7129,0.0
157219,0.0
137185,0.0
100948,0.0
212503,0.0
7757,0.0
56979,0.0
87136,0.0
22619,0.0
20807,0.0
64329,0.0
54430,0.0
98943,0.0
154695,0.0
50754,0.0
217731,0.0
218046,0.0
22809,0.0
180820,0.0
151896,0.0
95024,0.0
97474,0.0
39687,0.0
169941,0.0
21211,0.0
228947,0.0
4731,0.0
36781,0.0
26367,0.0
30370,0.0
25055,0.0
230295,0.0
231890,0.0
71825,0.0
5942,0.0
189261,0.0
29790,0.0
165624,0.0
234485,0.0
229861,0.0
77231,0.0
56452,0.0
109485,0.0
26836,0.0
20019,0.0
6682,0.0
2323,0.0
14550,0.0
85632,0.0
26555,0.0
154796,0.0
110220,0.0
179694,0.0
55065,0.0
93090,0.0
4402,0.0
24378,0.0
53859,0.0
103959,0.0
128010,0.0
135975,0.0
119315,0.0
216489,0.0
62452,0.0
245464,0.0
157294,0.0
261153,0.0
46842,0.0
97499,0.0
70226,0.0
155277,0.0
146072,0.0
2727,0.0
217837,0.0
235860,0.0
140106,0.0
50102,0.0
259875,0.0
46205,0.0
79310,0.0
9131,0.0
118137,0.0
63434,0.0
104497,0.0
242347,0.0
35883,0.0
28624,0.0
65714,0.0
19415,0.0
70797,0.0
85244,0.0
33671,0.0
60382,0.0
41332,0.0
94109,0.0
181936,0.0
45941,0.0
165971,0.0
243193,0.0
137600,0.0
38340,0.0
30452,0.0
224088,0.0
94230,0.0
119438,0.0
78389,0.0
39950,0.0
241174,0.0
54568,0.0
101134,0.0
103899,0.0
39320,0.0
142812,0.0
110921,0.0
228179,0.0
98577,0.0
79997,0.0
190189,0.0
274780,0.0
85592,0.0
229455,0.0
103433,0.0
70896,0.0
247317,0.0
38427,0.0
27459,0.0
211663,0.0
15359,0.0
218328,0.0
81412,0.0
92838,0.0
92505,0.0
49246,0.0
234048,0.0
107963,0.0
111031,0.0
144534,0.0
127538,0.0
62045,0.0
165885,0.0
110499,0.0
216395,0.0
88451,0.0
204208,0.0
7033,0.0
221193,0.0
214935,0.0
221134,0.0
42550,0.0
28892,0.0
61485,0.0
179485,0.0
76016,0.0
36276,0.0
11611,0.0
173528,0.0
34147,0.0
227882,0.0
102312,0.0
189173,0.0
212010,0.0
69437,0.0
50057,0.0
47272,0.0
59742,0.0
56640,0.0
101474,0.0
79052,0.0
40968,0.0
207601,0.0
80408,0.0
264143,0.0
64212,0.0
77486,0.0
30280,0.0
33643,0.0
206126,0.0
47581,0.0
80059,0.0
157379,0.0
49772,0.0
47217,0.0
235723,0.0
226611,0.0
277051,0.0
28559,0.0
33932,0.0
145429,0.0
93213,0.0
61205,0.0
56913,0.0
94891,0.0
22586,0.0
2084,0.0
3646,0.0
233417,0.0
259728,0.0
222039,0.0
60678,0.0
137132,0.0
189868,0.0
81165,0.0
236084,0.0
76842,0.0
80885,0.0
260132,0.0
179820,0.0
237512,0.0
61585,0.0
61755,0.0
235035,0.0
23779,0.0
165933,0.0
207612,0.0
47253,0.0
6317,0.0
60902,0.0
21364,0.0
48193,0.0
134955,0.0
30308,0.0
8919,0.0
70306,0.0
50294,0.0
165984,0.0
58960,0.0
243799,0.0
210657,0.0
43097,0.0
55314,0.0
222829,0.0
243245,0.0
48536,0.0
55339,0.0
31847,0.0
82456,0.0
30870,0.0
92347,0.0
219883,0.0
9292,0.0
34271,0.0
114276,0.0
208153,0.0
164671,0.0
101727,0.0
33104,0.0
29981,0.0
56497,0.0
149049,0.0
57184,0.0
215206,0.0
140033,0.0
255297,0.0
243221,0.0
33207,0.0
77229,0.0
235999,0.0
235276,0.0
71878,0.0
93141,0.0
211165,0.0
222392,0.0
9840,0.0
119658,0.0
190098,0.0
92309,0.0
70004,0.0
155053,0.0
46514,0.0
40003,0.0
24078,0.0
37906,0.0
17123,0.0
212683,0.0
34016,0.0
94436,0.0
127551,0.0
76241,0.0
181527,0.0
132935,0.0
88558,0.0
27750,0.0
85439,0.0
94673,0.0
215115,0.0
9220,0.0
207973,0.0
26717,0.0
132341,0.0
62317,0.0
18104,0.0
78787,0.0
206275,0.0
236385,0.0
215445,0.0
56541,0.0
243224,0.0
210569,0.0
69780,0.0
157413,0.0
50934,0.0
205767,0.0
86720,0.0
236596,0.0
136231,0.0
140425,0.0
241231,0.0
50858,0.0
212819,0.0
6973,0.0
21039,0.0
144688,0.0
13872,0.0
9326,0.0
50886,0.0
154415,0.0
164536,0.0
234022,0.0
205619,0.0
1472,0.0
236445,0.0
136776,0.0
105955,0.0
222077,0.0
173223,0.0
214995,0.0
49276,0.0
56498,0.0
144203,0.0
148735,0.0
257135,0.0
157296,0.0
211204,0.0
43321,0.0
205534,0.0
207244,0.0
62665,0.0
8902,0.0
227750,0.0
26588,0.0
243037,0.0
85967,0.0
24227,0.0
76424,0.0
154264,0.0
56470,0.0
32792,0.0
64658,0.0
235462,0.0
237733,0.0
166132,0.0
219753,0.0
222516,0.0
234401,0.0
188731,0.0
209933,0.0
55731,0.0
254594,0.0
230111,0.0
227478,0.0
66753,0.0
228271,0.0
239909,0.0
229376,0.0
219011,0.0
164812,0.0
26288,0.0
9221,0.0
65128,0.0
97636,0.0
9447,0.0
78011,0.0
234472,0.0
65141,0.0
51741,0.0
78816,0.0
21429,0.0
124382,0.0
137321,0.0
227588,0.0
250314,0.0
229950,0.0
75972,0.0
103650,0.0
154825,0.0
210581,0.0
30329,0.0
233340,0.0
117864,0.0
188552,0.0
110801,0.0
215613,0.0
85513,0.0
118476,0.0
188461,0.0
166066,0.0
66005,0.0
246653,0.0
147485,0.0
88852,0.0
14144,0.0
273647,0.0
243077,0.0
132849,0.0
120512,0.0
66356,0.0
212008,0.0
49908,0.0
103386,0.0
155856,0.0
229191,0.0
10898,0.0
17811,0.0
242137,0.0
102707,0.0
20876,0.0
127111,0.0
104183,0.0
79111,0.0
167543,0.0
275986,0.0
140524,0.0
94573,0.0
243265,0.0
103881,0.0
242012,0.0
77953,0.0
46052,0.0
70036,0.0
70018,0.0
54577,0.0
273617,0.0
8638,0.0
234582,0.0
207183,0.0
80360,0.0
68601,0.0
18154,0.0
45806,0.0
227662,0.0
41886,0.0
92709,0.0
47019,0.0
4632,0.0
229009,0.0
164824,0.0
72319,0.0
198140,0.0
51849,0.0
32904,0.0
18190,0.0
127905,0.0
20871,0.0
56826,0.0
220466,0.0
157236,0.0
65061,0.0
80685,0.0
234640,0.0
119364,0.0
266988,0.0
44042,0.0
29154,0.0
247249,0.0
235522,0.0
7540,0.0
277569,0.0
94604,0.0
252069,0.0
218161,0.0
18933,0.0
154646,0.0
26827,0.0
137339,0.0
212481,0.0
42526,0.0
103435,0.0
21361,0.0
223277,0.0
94068,0.0
26889,0.0
163160,0.0
191875,0.0
54974,0.0
212205,0.0
174437,0.0
41843,0.0
8405,0.0
78965,0.0
206256,0.0
64036,0.0
174925,0.0
220847,0.0
65809,0.0
56978,0.0
6981,0.0
188157,0.0
207675,0.0
173560,0.0
257423,0.0
20190,0.0
56053,0.0
26219,0.0
102406,0.0
205681,0.0
32285,0.0
88304,0.0
65960,0.0
30054,0.0
211288,0.0
222471,0.0
244110,0.0
6709,0.0
88460,0.0
192526,0.0
247674,0.0
230494,0.0
180800,0.0
145399,0.0
19839,0.0
97657,0.0
39336,0.0
254880,0.0
114392,0.0
56512,0.0
32081,0.0
19619,0.0
86333,0.0
87432,0.0
14404,0.0
132096,0.0
251478,0.0
110466,0.0
66703,0.0
65085,0.0
24177,0.0
139599,0.0
21195,0.0
205890,0.0
105966,0.0
2043,0.0
76106,0.0
203943,0.0
9493,0.0
63664,0.0
126830,0.0
4896,0.0
52256,0.0
154954,0.0
53782,0.0
29158,0.0
164588,0.0
277217,0.0
12462,0.0
45672,0.0
60468,0.0
62611,0.0
28998,0.0
76472,0.0
78605,0.0
72125,0.0
102289,0.0
112750,0.0
56382,0.0
280033,0.0
217893,0.0
4535,0.0
275812,0.0
157494,0.0
214866,0.0
46941,0.0
243198,0.0
153028,0.0
190201,0.0
56166,0.0
16937,0.0
49397,0.0
27470,0.0
180790,0.0
251557,0.0
230118,0.0
144523,0.0
221160,0.0
5980,0.0
145888,0.0
77431,0.0
103673,0.0
27572,0.0
78252,0.0
18128,0.0
216385,0.0
54244,0.0
269328,0.0
29769,0.0
119982,0.0
24756,0.0
6718,0.0
78280,0.0
215517,0.0
234642,0.0
69217,0.0
24462,0.0
216091,0.0
109900,0.0
221101,0.0
20332,0.0
30095,0.0
49859,0.0
44309,0.0
145587,0.0
236223,0.0
62404,0.0
29132,0.0
75863,0.0
25523,0.0
66329,0.0
226762,0.0
207712,0.0
101970,0.0
85805,0.0
105836,0.0
9286,0.0
36383,0.0
227076,0.0
227602,0.0
33073,0.0
20960,0.0
40267,0.0
109990,0.0
4717,0.0
6738,0.0
31495,0.0
31523,0.0
210672,0.0
216633,0.0
90201,0.0
135153,0.0
49805,0.0
164283,0.0
60677,0.0
49127,0.0
65250,0.0
260312,0.0
174538,0.0
215169,0.0
174322,0.0
46502,0.0
28382,0.0
94490,0.0
190089,0.0
174463,0.0
198527,0.0
87478,0.0
228157,0.0
136685,0.0
136318,0.0
62299,0.0
14314,0.0
71852,0.0
237010,0.0
690,0.0
56491,0.0
61376,0.0
249841,0.0
15539,0.0
62504,0.0
217908,0.0
41712,0.0
234832,0.0
106349,0.0
38050,0.0
43160,0.0
179471,0.0
242338,0.0
134501,0.0
236726,0.0
234902,0.0
258054,0.0
102604,0.0
115556,0.0
35963,0.0
221700,0.0
270084,0.0
214854,0.0
80510,0.0
136767,0.0
242413,0.0
77033,0.0
47421,0.0
1549,0.0
209191,0.0
40839,0.0
38511,0.0
64787,0.0
136383,0.0
221262,0.0
31768,0.0
100798,0.0
8480,0.0
5659,0.0
105701,0.0
27093,0.0
42538,0.0
69558,0.0
77343,0.0
65572,0.0
46745,0.0
23526,0.0
244098,0.0
269128,0.0
276451,0.0
86680,0.0
217462,0.0
238114,0.0
118731,0.0
79539,0.0
55452,0.0
216867,0.0
17426,0.0
235118,0.0
204780,0.0
269646,0.0
76299,0.0
78005,0.0
103808,0.0
40773,0.0
230412,0.0
87614,0.0
34065,0.0
181141,0.0
49525,0.0
148732,0.0
114664,0.0
65989,0.0
41109,0.0
111268,0.0
244040,0.0
90234,0.0
211273,0.0
41116,0.0
154435,0.0
56702,0.0
101340,0.0
20551,0.0
21262,0.0
18470,0.0
29367,0.0
9514,0.0
43072,0.0
61847,0.0
22318,0.0
87190,0.0
36511,0.0
119836,0.0
62870,0.0
166200,0.0
36707,0.0
63136,0.0
268678,0.0
156802,0.0
49831,0.0
66582,0.0
102121,0.0
169340,0.0
2071,0.0
207485,0.0
258900,0.0
86837,0.0
72648,0.0
89679,0.0
45678,0.0
45143,0.0
53081,0.0
250856,0.0
247063,0.0
119662,0.0
1522,0.0
3731,0.0
217464,0.0
110446,0.0
9343,0.0
234357,0.0
154623,0.0
154116,0.0
109131,0.0
88303,0.0
180157,0.0
47485,0.0
239281,0.0
66734,0.0
36556,0.0
28506,0.0
119926,0.0
6002,0.0
17980,0.0
150756,0.0
29952,0.0
86272,0.0
78087,0.0
87724,0.0
29690,0.0
166062,0.0
71611,0.0
63558,0.0
49995,0.0
57435,0.0
259702,0.0
36747,0.0
228905,0.0
211664,0.0
15919,0.0
61999,0.0
20910,0.0
88142,0.0
24443,0.0
102822,0.0
259385,0.0
215626,0.0
269403,0.0
41105,0.0
229955,0.0
72079,0.0
229183,0.0
80397,0.0
157324,0.0
3016,0.0
214806,0.0
50935,0.0
114457,0.0
157638,0.0
34108,0.0
180211,0.0
159905,0.0
8655,0.0
155357,0.0
259067,0.0
94646,0.0
63946,0.0
8863,0.0
174827,0.0
36645,0.0
207169,0.0
22688,0.0
237980,0.0
26528,0.0
43044,0.0
243118,0.0
18260,0.0
228505,0.0
3924,0.0
9360,0.0
119561,0.0
81820,0.0
212221,0.0
78928,0.0
80958,0.0
75326,0.0
56124,0.0
81536,0.0
256202,0.0
215901,0.0
234552,0.0
211415,0.0
77197,0.0
95032,0.0
71870,0.0
140628,0.0
190027,0.0
28140,0.0
146077,0.0
56939,0.0
276411,0.0
40719,0.0
76657,0.0
209625,0.0
15236,0.0
17911,0.0
62420,0.0
198086,0.0
19904,0.0
154214,0.0
184864,0.0
279349,0.0
7937,0.0
88159,0.0
223857,0.0
138977,0.0
206444,0.0
45852,0.0
142056,0.0
229723,0.0
27517,0.0
66927,0.0
13123,0.0
227822,0.0
64178,0.0
149103,0.0
207721,0.0
152749,0.0
45074,0.0
61000,0.0
211885,0.0
77105,0.0
136162,0.0
242542,0.0
36373,0.0
185889,0.0
24581,0.0
69877,0.0
22351,0.0
72540,0.0
92355,0.0
136925,0.0
210438,0.0
87928,0.0
52418,0.0
93256,0.0
174593,0.0
216607,0.0
93239,0.0
92149,0.0
71919,0.0
250509,0.0
234628,0.0
40796,0.0
24609,0.0
86953,0.0
222583,0.0
81969,0.0
109517,0.0
229744,0.0
106070,0.0
216958,0.0
207488,0.0
94393,0.0
222314,0.0
26895,0.0
79026,0.0
66210,0.0
109818,0.0
32318,0.0
215988,0.0
22958,0.0
250813,0.0
33571,0.0
13120,0.0
210764,0.0
29989,0.0
37651,0.0
198506,0.0
46216,0.0
103545,0.0
72253,0.0
119049,0.0
201978,0.0
65825,0.0
81304,0.0
97542,0.0
137189,0.0
207121,0.0
97374,0.0
131872,0.0
154483,0.0
95018,0.0
33291,0.0
77976,0.0
97080,0.0
43284,0.0
229327,0.0
51799,0.0
87788,0.0
259901,0.0
71304,0.0
52099,0.0
145870,0.0
250902,0.0
235285,0.0
120253,0.0
79180,0.0
56088,0.0
76987,0.0
43018,0.0
119008,0.0
24270,0.0
250728,0.0
40062,0.0
212476,0.0
35425,0.0
61141,0.0
55081,0.0
46975,0.0
24528,0.0
221328,0.0
20072,0.0
4361,0.0
235307,0.0
145798,0.0
23535,0.0
33390,0.0
212910,0.0
87394,0.0
222601,0.0
222532,0.0
216017,0.0
49016,0.0
198545,0.0
223444,0.0
215721,0.0
104118,0.0
32319,0.0
120191,0.0
51778,0.0
710,0.0
29755,0.0
65038,0.0
81562,0.0
102684,0.0
21383,0.0
127854,0.0
206229,0.0
40732,0.0
160523,0.0
47207,0.0
29139,0.0
56656,0.0
51971,0.0
51749,0.0
235212,0.0
15500,0.0
215584,0.0
136247,0.0
164756,0.0
20573,0.0
72133,0.0
212223,0.0
20514,0.0
60856,0.0
221799,0.0
160803,0.0
144914,0.0
64209,0.0
96353,0.0
93887,0.0
35386,0.0
57666,0.0
76774,0.0
234336,0.0
222775,0.0
119796,0.0
47225,0.0
98855,0.0
61738,0.0
221137,0.0
24310,0.0
149050,0.0
22614,0.0
88247,0.0
209584,0.0
62914,0.0
274589,0.0
42279,0.0
180980,0.0
235478,0.0
56225,0.0
207087,0.0
250554,0.0
250656,0.0
223980,0.0
72014,0.0
146002,0.0
234302,0.0
136834,0.0
111867,0.0
56146,0.0
71133,0.0
78521,0.0
35190,0.0
63958,0.0
128882,0.0
50575,0.0
85232,0.0
127180,0.0
222857,0.0
18234,0.0
57310,0.0
135505,0.0
54053,0.0
37824,0.0
36400,0.0
27241,0.0
220769,0.0
75657,0.0
40463,0.0
105691,0.0
51830,0.0
72116,0.0
47389,0.0
797,0.0
6399,0.0
202179,0.0
181170,0.0
221875,0.0
51722,0.0
77823,0.0
80498,0.0
76873,0.0
136294,0.0
9922,0.0
236646,0.0
68893,0.0
10362,0.0
57150,0.0
17899,0.0
207099,0.0
43330,0.0
5571,0.0
136773,0.0
64982,0.0
51379,0.0
20440,0.0
49182,0.0
24243,0.0
165950,0.0
42947,0.0
61981,0.0
15653,0.0
51870,0.0
284582,0.0
88426,0.0
126760,0.0
236876,0.0
207810,0.0
92558,0.0
63622,0.0
210082,0.0
210334,0.0
227500,0.0
46516,0.0
56458,0.0
59964,0.0
88046,0.0
241924,0.0
52096,0.0
259286,0.0
102595,0.0
33060,0.0
228379,0.0
216276,0.0
250938,0.0
145255,0.0
21282,0.0
238520,0.0
109091,0.0
210341,0.0
79100,0.0
80160,0.0
80757,0.0
219179,0.0
4752,0.0
220483,0.0
69550,0.0
144631,0.0
102635,0.0
260361,0.0
40820,0.0
70985,0.0
87736,0.0
119570,0.0
6962,0.0
88857,0.0
103108,0.0
25288,0.0
92941,0.0
36289,0.0
227408,0.0
94711,0.0
43099,0.0
55238,0.0
34852,0.0
120399,0.0
9473,0.0
236431,0.0
20596,0.0
4568,0.0
102245,0.0
76921,0.0
72315,0.0
76035,0.0
17875,0.0
51726,0.0
20824,0.0
217919,0.0
70801,0.0
69996,0.0
244574,0.0
205660,0.0
139341,0.0
27293,0.0
47564,0.0
235639,0.0
6783,0.0
22927,0.0
216423,0.0
25064,0.0
87754,0.0
242882,0.0
206038,0.0
70436,0.0
257265,0.0
269797,0.0
56392,0.0
256162,0.0
93731,0.0
234742,0.0
227449,0.0
2662,0.0
85626,0.0
20006,0.0
224057,0.0
1747,0.0
220531,0.0
227611,0.0
10668,0.0
196329,0.0
172804,0.0
108769,0.0
37644,0.0
151764,0.0
70768,0.0
236791,0.0
81829,0.0
55222,0.0
93195,0.0
205572,0.0
149600,0.0
81538,0.0
140471,0.0
126429,0.0
42117,0.0
98860,0.0
42173,0.0
140585,0.0
11528,0.0
223087,0.0
27444,0.0
78551,0.0
862,0.0
45939,0.0
61092,0.0
37835,0.0
7031,0.0
189299,0.0
223653,0.0
279889,0.0
260035,0.0
31003,0.0
206382,0.0
37922,0.0
205523,0.0
97422,0.0
276291,0.0
7643,0.0
114936,0.0
275869,0.0
229464,0.0
26400,0.0
51841,0.0
161485,0.0
12537,0.0
92471,0.0
70946,0.0
238110,0.0
164314,0.0
41169,0.0
19963,0.0
16836,0.0
157340,0.0
5758,0.0
64100,0.0
198081,0.0
250412,0.0
66044,0.0
103737,0.0
223119,0.0
207238,0.0
56981,0.0
216106,0.0
215208,0.0
136697,0.0
77470,0.0
217950,0.0
33972,0.0
61992,0.0
20939,0.0
103905,0.0
114191,0.0
64341,0.0
65009,0.0
217542,0.0
198446,0.0
57458,0.0
174756,0.0
64454,0.0
50796,0.0
208288,0.0
39915,0.0
166527,0.0
11895,0.0
212061,0.0
217525,0.0
20998,0.0
77888,0.0
45414,0.0
98626,0.0
155011,0.0
15484,0.0
230202,0.0
63809,0.0
50444,0.0
28974,0.0
94022,0.0
17307,0.0
10524,0.0
62129,0.0
128215,0.0
126373,0.0
50928,0.0
118921,0.0
145677,0.0
97390,0.0
61560,0.0
70497,0.0
50310,0.0
188650,0.0
86663,0.0
223562,0.0
69269,0.0
110667,0.0
218296,0.0
29046,0.0
45336,0.0
207644,0.0
93340,0.0
62761,0.0
211624,0.0
20577,0.0
46405,0.0
4732,0.0
31680,0.0
220997,0.0
93432,0.0
61867,0.0
211409,0.0
210429,0.0
87912,0.0
108582,0.0
35375,0.0
131934,0.0
85391,0.0
48846,0.0
211626,0.0
7091,0.0
8830,0.0
11561,0.0
8818,0.0
108744,0.0
20081,0.0
28195,0.0
230448,0.0
101388,0.0
132090,0.0
103148,0.0
188485,0.0
81842,0.0
113601,0.0
174738,0.0
234506,0.0
102277,0.0
20372,0.0
216638,0.0
228579,0.0
64141,0.0
224863,0.0
56983,0.0
49906,0.0
225336,0.0
38315,0.0
102221,0.0
93921,0.0
234726,0.0
36674,0.0
50630,0.0
269263,0.0
48835,0.0
18914,0.0
223344,0.0
145862,0.0
119545,0.0
180755,0.0
207333,0.0
245925,0.0
109224,0.0
34962,0.0
31421,0.0
211966,0.0
109627,0.0
50643,0.0
7722,0.0
33935,0.0
71201,0.0
32296,0.0
57016,0.0
70636,0.0
229260,0.0
29291,0.0
222258,0.0
33168,0.0
72517,0.0
97425,0.0
136573,0.0
88793,0.0
93199,0.0
102668,0.0
71179,0.0
23877,0.0
210635,0.0
32856,0.0
86826,0.0
10010,0.0
36458,0.0
3886,0.0
111342,0.0
77195,0.0
77702,0.0
173852,0.0
49583,0.0
23556,0.0
4545,0.0
174578,0.0
154806,0.0
86738,0.0
127464,0.0
242766,0.0
115824,0.0
4345,0.0
135951,0.0
198536,0.0
49171,0.0
236875,0.0
92247,0.0
94055,0.0
102656,0.0
86495,0.0
62490,0.0
20650,0.0
210512,0.0
32834,0.0
260244,0.0
145113,0.0
34674,0.0
24169,0.0
81445,0.0
207255,0.0
102564,0.0
5693,0.0
126482,0.0
209674,0.0
27287,0.0
164223,0.0
279817,0.0
93599,0.0
126725,0.0
94824,0.0
14724,0.0
66995,0.0
86836,0.0
216471,0.0
81504,0.0
249804,0.0
80637,0.0
212270,0.0
217660,0.0
24487,0.0
54685,0.0
180720,0.0
154744,0.0
35630,0.0
23943,0.0
227155,0.0
50477,0.0
96834,0.0
6833,0.0
263796,0.0
109852,0.0
101637,0.0
228913,0.0
94494,0.0
222356,0.0
64418,0.0
26538,0.0
249866,0.0
217895,0.0
24096,0.0
76728,0.0
220986,0.0
62924,0.0
228243,0.0
216737,0.0
102961,0.0
107299,0.0
227933,0.0
260456,0.0
60834,0.0
50454,0.0
30235,0.0
27940,0.0
165836,0.0
71094,0.0
236376,0.0
234026,0.0
10097,0.0
103492,0.0
60253,0.0
236297,0.0
29809,0.0
7064,0.0
130859,0.0
47177,0.0
102127,0.0
61831,0.0
221950,0.0
33283,0.0
118909,0.0
235749,0.0
54742,0.0
222234,0.0
81334,0.0
23956,0.0
122700,0.0
102062,0.0
254130,0.0
216703,0.0
66721,0.0
30160,0.0
54130,0.0
45715,0.0
218082,0.0
234115,0.0
205865,0.0
243788,0.0
103703,0.0
15663,0.0
1741,0.0
52261,0.0
102177,0.0
219806,0.0
243123,0.0
237796,0.0
47170,0.0
21342,0.0
15996,0.0
65467,0.0
23366,0.0
120001,0.0
234575,0.0
61511,0.0
75446,0.0
154894,0.0
70538,0.0
222950,0.0
230444,0.0
51083,0.0
208880,0.0
36293,0.0
217757,0.0
119927,0.0
26918,0.0
277110,0.0
27382,0.0
222835,0.0
52317,0.0
40067,0.0
33456,0.0
21026,0.0
20347,0.0
48980,0.0
210401,0.0
227569,0.0
35821,0.0
166115,0.0
235414,0.0
276295,0.0
135096,0.0
276712,0.0
92893,0.0
110985,0.0
55384,0.0
236590,0.0
88428,0.0
223030,0.0
206926,0.0
51888,0.0
174460,0.0
30177,0.0
216550,0.0
206493,0.0
251595,0.0
48588,0.0
3915,0.0
41469,0.0
190449,0.0
65961,0.0
52187,0.0
35468,0.0
23471,0.0
8639,0.0
38007,0.0
73855,0.0
21423,0.0
20518,0.0
243256,0.0
76311,0.0
184252,0.0
12989,0.0
162853,0.0
35173,0.0
40440,0.0
66183,0.0
210088,0.0
2105,0.0
93959,0.0
76772,0.0
35699,0.0
44878,0.0
205883,0.0
265338,0.0
223433,0.0
5926,0.0
85481,0.0
211038,0.0
73403,0.0
25475,0.0
150137,0.0
65404,0.0
212701,0.0
9204,0.0
23896,0.0
228537,0.0
22212,0.0
27082,0.0
212176,0.0
236230,0.0
91979,0.0
6848,0.0
56008,0.0
223712,0.0
76450,0.0
32092,0.0
45402,0.0
37832,0.0
39474,0.0
227267,0.0
205784,0.0
70562,0.0
157264,0.0
166084,0.0
81528,0.0
105374,0.0
214090,0.0
98709,0.0
228548,0.0
226586,0.0
136473,0.0
145954,0.0
215506,0.0
57257,0.0
85361,0.0
229141,0.0
58685,0.0
127998,0.0
138659,0.0
86065,0.0
241897,0.0
192813,0.0
33904,0.0
63950,0.0
216652,0.0
127815,0.0
93788,0.0
228212,0.0
91592,0.0
97200,0.0
36422,0.0
92513,0.0
251708,0.0
181152,0.0
205841,0.0
72300,0.0
215261,0.0
211400,0.0
216277,0.0
81048,0.0
4526,0.0
212305,0.0
92453,0.0
105514,0.0
136013,0.0
34953,0.0
216935,0.0
55537,0.0
251709,0.0
92138,0.0
56466,0.0
106167,0.0
21187,0.0
119423,0.0
42788,0.0
59424,0.0
46874,0.0
236788,0.0
121088,0.0
276742,0.0
212092,0.0
65981,0.0
36697,0.0
143942,0.0
62975,0.0
23007,0.0
50404,0.0
27433,0.0
105797,0.0
18475,0.0
221969,0.0
228880,0.0
36257,0.0
36115,0.0
236298,0.0
56719,0.0
50480,0.0
45511,0.0
62343,0.0
65247,0.0
52000,0.0
97013,0.0
241940,0.0
28231,0.0
97300,0.0
41545,0.0
28294,0.0
81629,0.0
77370,0.0
46208,0.0
223577,0.0
35893,0.0
118332,0.0
79333,0.0
5216,0.0
22610,0.0
43789,0.0
100792,0.0
56606,0.0
269513,0.0
28133,0.0
40436,0.0
72292,0.0
68142,0.0
28318,0.0
41222,0.0
86892,0.0
9392,0.0
103538,0.0
52230,0.0
215573,0.0
12482,0.0
235995,0.0
15055,0.0
157163,0.0
87966,0.0
173709,0.0
242607,0.0
77393,0.0
20562,0.0
94692,0.0
135650,0.0
221850,0.0
228299,0.0
236082,0.0
7480,0.0
77523,0.0
23657,0.0
139732,0.0
54468,0.0
96062,0.0
109053,0.0
161374,0.0
61680,0.0
4865,0.0
41197,0.0
3789,0.0
191869,0.0
120375,0.0
79008,0.0
69989,0.0
64399,0.0
105913,0.0
102576,0.0
19617,0.0
86702,0.0
70630,0.0
161016,0.0
145980,0.0
20765,0.0
46978,0.0
228768,0.0
63020,0.0
228426,0.0
39810,0.0
8342,0.0
242534,0.0
26854,0.0
249743,0.0
61814,0.0
236844,0.0
46953,0.0
114903,0.0
114663,0.0
205744,0.0
94165,0.0
250621,0.0
157418,0.0
137289,0.0
70116,0.0
126094,0.0
29222,0.0
259358,0.0
51691,0.0
138250,0.0
145410,0.0
208151,0.0
8282,0.0
30194,0.0
215955,0.0
222449,0.0
212047,0.0
33778,0.0
254413,0.0
9935,0.0
217374,0.0
114639,0.0
97066,0.0
24681,0.0
234844,0.0
207451,0.0
217327,0.0
257513,0.0
222931,0.0
72031,0.0
217709,0.0
17498,0.0
120020,0.0
86220,0.0
102914,0.0
229878,0.0
154735,0.0
87522,0.0
72938,0.0
206204,0.0
168984,0.0
136853,0.0
210229,0.0
62728,0.0
216000,0.0
91740,0.0
251087,0.0
212492,0.0
27880,0.0
21279,0.0
77412,0.0
253958,0.0
205699,0.0
159069,0.0
36669,0.0
29074,0.0
207911,0.0
101849,0.0
43119,0.0
35668,0.0
119173,0.0
81426,0.0
30523,0.0
215242,0.0
82959,0.0
50045,0.0
48312,0.0
234911,0.0
227601,0.0
19526,0.0
93460,0.0
64018,0.0
90779,0.0
109516,0.0
70120,0.0
101149,0.0
94009,0.0
153873,0.0
51463,0.0
2129,0.0
118450,0.0
268910,0.0
91445,0.0
97512,0.0
92592,0.0
18122,0.0
56865,0.0
216307,0.0
3913,0.0
91746,0.0
91843,0.0
40488,0.0
7922,0.0
46345,0.0
65078,0.0
50348,0.0
205635,0.0
30079,0.0
235951,0.0
122875,0.0
223235,0.0
242120,0.0
204963,0.0
66758,0.0
79161,0.0
76551,0.0
128283,0.0
131747,0.0
13867,0.0
211096,0.0
187809,0.0
75912,0.0
109504,0.0
51171,0.0
87807,0.0
70622,0.0
51152,0.0
56295,0.0
56380,0.0
190050,0.0
124871,0.0
107834,0.0
70267,0.0
13073,0.0
234351,0.0
222958,0.0
78383,0.0
46181,0.0
49950,0.0
109878,0.0
31529,0.0
21911,0.0
54509,0.0
40818,0.0
56548,0.0
46457,0.0
103829,0.0
191980,0.0
69923,0.0
243710,0.0
259461,0.0
45387,0.0
215172,0.0
183026,0.0
78595,0.0
46703,0.0
230023,0.0
102114,0.0
92544,0.0
54837,0.0
46199,0.0
87596,0.0
92250,0.0
111200,0.0
222801,0.0
190151,0.0
94440,0.0
30228,0.0
206122,0.0
36886,0.0
97349,0.0
35106,0.0
105943,0.0
63097,0.0
119205,0.0
83782,0.0
62769,0.0
27170,0.0
75088,0.0
227510,0.0
88701,0.0
50323,0.0
243332,0.0
115988,0.0
50075,0.0
6528,0.0
33999,0.0
166217,0.0
62909,0.0
87050,0.0
247314,0.0
111237,0.0
87120,0.0
8302,0.0
157246,0.0
57376,0.0
173322,0.0
217714,0.0
243840,0.0
77346,0.0
220450,0.0
81887,0.0
31330,0.0
13680,0.0
94642,0.0
210606,0.0
92872,0.0
216216,0.0
38849,0.0
30385,0.0
136784,0.0
212684,0.0
63100,0.0
223201,0.0
55397,0.0
32239,0.0
140188,0.0
221782,0.0
32385,0.0
223229,0.0
10366,0.0
2694,0.0
63384,0.0
6841,0.0
181077,0.0
92891,0.0
32024,0.0
8988,0.0
76982,0.0
23478,0.0
21363,0.0
129673,0.0
79041,0.0
34115,0.0
33189,0.0
61932,0.0
221244,0.0
81771,0.0
50195,0.0
62937,0.0
227668,0.0
12939,0.0
211653,0.0
269799,0.0
28189,0.0
190277,0.0
235399,0.0
229432,0.0
118966,0.0
209654,0.0
23021,0.0
55416,0.0
78411,0.0
145672,0.0
46749,0.0
94693,0.0
216905,0.0
3109,0.0
65271,0.0
11898,0.0
236280,0.0
43045,0.0
242397,0.0
211357,0.0
127882,0.0
171846,0.0
19402,0.0
6151,0.0
277278,0.0
222757,0.0
243161,0.0
188611,0.0
58749,0.0
69609,0.0
210618,0.0
23693,0.0
78943,0.0
49237,0.0
181354,0.0
230105,0.0
21458,0.0
78581,0.0
27191,0.0
234253,0.0
103943,0.0
205798,0.0
23853,0.0
77810,0.0
1744,0.0
4822,0.0
72384,0.0
37833,0.0
6513,0.0
209143,0.0
31258,0.0
212804,0.0
114652,0.0
235421,0.0
20519,0.0
126883,0.0
211693,0.0
63759,0.0
208653,0.0
66851,0.0
218198,0.0
205149,0.0
88160,0.0
22987,0.0
66375,0.0
61995,0.0
236366,0.0
260002,0.0
101847,0.0
49432,0.0
105941,0.0
229418,0.0
132778,0.0
87305,0.0
28194,0.0
2756,0.0
8488,0.0
234350,0.0
145755,0.0
88457,0.0
211426,0.0
54655,0.0
65280,0.0
233632,0.0
29931,0.0
150766,0.0
20364,0.0
27607,0.0
169633,0.0
28267,0.0
54782,0.0
29258,0.0
77698,0.0
154941,0.0
15066,0.0
66537,0.0
200142,0.0
62826,0.0
189905,0.0
40731,0.0
101571,0.0
98609,0.0
12774,0.0
54348,0.0
88210,0.0
4859,0.0
126395,0.0
56078,0.0
53016,0.0
76786,0.0
222007,0.0
50954,0.0
5810,0.0
38400,0.0
187754,0.0
81514,0.0
154937,0.0
5555,0.0
235466,0.0
250329,0.0
231347,0.0
10948,0.0
134214,0.0
250732,0.0
157347,0.0
89991,0.0
206350,0.0
33079,0.0
146163,0.0
29848,0.0
65819,0.0
96490,0.0
27847,0.0
198141,0.0
166259,0.0
149266,0.0
217031,0.0
6518,0.0
24679,0.0
37791,0.0
275844,0.0
105861,0.0
75852,0.0
8503,0.0
76818,0.0
250276,0.0
223979,0.0
217530,0.0
8219,0.0
33513,0.0
24709,0.0
26610,0.0
28550,0.0
36784,0.0
221660,0.0
110323,0.0
204834,0.0
145826,0.0
13782,0.0
23864,0.0
227537,0.0
183732,0.0
42952,0.0
102797,0.0
351,0.0
234445,0.0
188653,0.0
207180,0.0
114296,0.0
223328,0.0
223850,0.0
6904,0.0
174418,0.0
101947,0.0
144237,0.0
166017,0.0
85088,0.0
47675,0.0
85722,0.0
250393,0.0
89545,0.0
191615,0.0
53212,0.0
47430,0.0
256201,0.0
80055,0.0
63697,0.0
55557,0.0
222817,0.0
78919,0.0
24784,0.0
27855,0.0
41460,0.0
211503,0.0
40561,0.0
51788,0.0
173539,0.0
54900,0.0
127467,0.0
101214,0.0
215535,0.0
85758,0.0
75665,0.0
18347,0.0
178268,0.0
217558,0.0
236827,0.0
87065,0.0
27896,0.0
160762,0.0
72261,0.0
207960,0.0
223449,0.0
137352,0.0
21293,0.0
44668,0.0
94513,0.0
135227,0.0
230400,0.0
179265,0.0
57354,0.0
127153,0.0
249838,0.0
6616,0.0
46289,0.0
7467,0.0
64227,0.0
78782,0.0
216222,0.0
17315,0.0
148833,0.0
210710,0.0
3291,0.0
211407,0.0
250464,0.0
7058,0.0
170970,0.0
112210,0.0
19950,0.0
77224,0.0
63848,0.0
7097,0.0
187547,0.0
111084,0.0
102251,0.0
119832,0.0
29391,0.0
148826,0.0
220883,0.0
109426,0.0
9158,3.0
211244,1.0
186913,2.0
135431,3.0
101197,4.0
229923,1.0
189740,5.0
241625,5.0
212248,1.0
72308,1.0
30283,3.0
234502,1.0
62799,1.0
235007,1.0
54605,1.0
61077,5.0
18418,1.0
119290,1.0
85354,3.0
215748,1.0
207155,5.0
14854,1.0
254149,1.0
100412,2.0
20980,1.0
9870,1.0
40370,1.0
224553,5.0
234759,5.0
235153,1.0
189735,5.0
68033,1.0
269700,3.0
209599,1.0
92559,1.0
211102,1.0
72139,1.0
102917,1.0
88940,5.0
194159,5.0
40479,2.0
4373,1.0
205901,4.0
234861,2.0
207073,1.0
56509,1.0
60676,5.0
14361,1.0
128258,5.0
40801,1.0
236471,2.0
260094,1.0
224012,1.0
164620,4.0
132255,5.0
206525,4.0
46336,1.0
69754,1.0
78666,2.0
251674,3.0
44148,1.0
63766,3.0
164542,3.0
215094,5.0
85523,1.0
166054,5.0
85254,1.0
97501,1.0
248778,1.0
259490,3.0
31752,1.0
30023,1.0
274626,3.0
98201,1.0
212758,1.0
212534,5.0
198315,2.0
206195,1.0
12535,1.0
78432,2.0
110059,1.0
228154,1.0
221824,1.0
17872,4.0
50902,2.0
33929,1.0
51711,1.0
52182,1.0
62614,1.0
229374,1.0
278212,1.0
174489,1.0
160403,1.0
260377,4.0
120293,4.0
30248,1.0
77204,1.0
223357,1.0
214908,1.0
5022,1.0
221105,1.0
102272,1.0
18272,5.0
206290,1.0
109764,1.0
251340,4.0
77307,3.0
102788,1.0
54111,1.0
80762,1.0
8849,1.0
250613,1.0
62220,1.0
92472,3.0
263519,1.0
126947,1.0
239016,2.0
234716,5.0
222347,5.0
206504,2.0
104157,4.0
77447,1.0
259958,4.0
247080,5.0
222068,2.0
10850,1.0
134241,1.0
273832,3.0
223541,1.0
212387,1.0
61857,1.0
78662,1.0
32785,1.0
173848,4.0
223230,3.0
133415,5.0
86961,1.0
178889,1.0
95723,4.0
57462,3.0
137229,4.0
60546,3.0
209643,1.0
62201,3.0
217048,1.0
97595,4.0
209608,1.0
128163,4.0
9197,1.0
3899,1.0
99224,2.0
20785,1.0
254022,4.0
22173,1.0
11651,1.0
42504,1.0
56050,1.0
109104,5.0
209922,3.0
86421,3.0
40569,1.0
112114,4.0
61707,5.0
12329,5.0
60597,1.0
49818,1.0
66094,1.0
222288,1.0
21097,1.0
57671,2.0
57116,2.0
37827,1.0
157404,1.0
54343,1.0
128347,4.0
241899,1.0
198396,1.0
101189,5.0
228258,5.0
241301,2.0
81423,3.0
86831,2.0
110608,1.0
32299,1.0
276269,1.0
211232,2.0
76813,5.0
132522,5.0
97853,3.0
227438,1.0
32913,3.0
211461,1.0
45218,1.0
